rotate,-8,y,i,i,i,i,i,i,i,i,i,i,i,i,,
rotate,-8,x,i,i,i,i,i,i,i,i,i,i,i,i,,
rotate,-8,z,i,i,i,i,i,i,i,i,i,i,i,i,,
rotate,-8,x,i,i,i,i,i,i,i,i,i,i,i,i,,
rotate,-8,z,i,i,i,i,i,i,i,i,i,i,i,i,,
rotate,-8,x,i,i,i,i,i,i,i,i,i,i,i,i,,
rotate,-8,z,i,i,i,i,i,i,i,i,i,i,i,i,,
rotate,-8,y,i,i,i,i,i,i,i,i,i,i,i,i,,
rotate,-8,z,i,i,i,i,i,i,i,i,i,i,i,i,,
rotate,8,x,i,i,i,i,i,i,i,i,i,i,i,i,,
rotate,-8,y,i,i,i,i,i,i,i,i,i,i,i,i,,
rotate,-8,z,i,i,i,i,i,i,i,i,i,i,i,i,,
rotate,-8,y,i,i,i,i,i,i,i,i,i,i,i,i,,
rotate,-8,x,i,i,i,i,i,i,i,i,i,i,i,i,,
rotate,-8,z,i,i,i,i,i,i,i,i,i,i,i,i,,
rotate,-8,x,i,i,i,i,i,i,i,i,i,i,i,i,,
rotate,-8,z,i,i,i,i,i,i,i,i,i,i,i,i,,
rotate,-8,y,i,i,i,i,i,i,i,i,i,i,i,i,,
rotate,-8,x,i,i,i,i,i,i,i,i,i,i,i,i,,
rotate,-8,z,i,i,i,i,i,i,i,i,i,i,i,i,,
rotate,-8,x,i,i,i,i,i,i,i,i,i,i,i,i,,
rotate,8,y,i,i,i,i,i,i,i,i,i,i,i,i,,
rotate,-8,z,i,i,i,i,i,i,i,i,i,i,i,i,,
rotate,8,y,i,i,i,i,i,i,i,i,i,i,i,i,,
rotate,8,x,i,i,i,i,i,i,i,i,i,i,i,i,,
rotate,8,y,i,i,i,i,i,i,i,i,i,i,i,i,,
rotate,8,x,i,i,i,i,i,i,i,i,i,i,i,i,,
rotate,8,y,i,i,i,i,i,i,i,i,i,i,i,i,,
rotate,8,x,i,i,i,i,i,i,i,i,i,i,i,i,,
rotate,8,y,i,i,i,i,i,i,i,i,i,i,i,i,,
rotate,8,i,x,i,i,i,i,i,i,i,i,i,i,i,,
rotate,-8,i,z,i,i,i,i,i,i,i,i,i,i,i,,
rotate,8,i,y,i,i,i,i,i,i,i,i,i,i,i,,
rotate,-8,i,z,i,i,i,i,i,i,i,i,i,i,i,,
rotate,8,i,y,i,i,i,i,i,i,i,i,i,i,i,,
rotate,8,i,x,i,i,i,i,i,i,i,i,i,i,i,,
rotate,8,i,y,i,i,i,i,i,i,i,i,i,i,i,,
rotate,8,i,z,i,i,i,i,i,i,i,i,i,i,i,,
rotate,8,i,y,i,i,i,i,i,i,i,i,i,i,i,,
rotate,8,i,z,i,i,i,i,i,i,i,i,i,i,i,,
rotate,8,i,y,i,i,i,i,i,i,i,i,i,i,i,,
rotate,8,i,z,i,i,i,i,i,i,i,i,i,i,i,,
rotate,8,i,y,i,i,i,i,i,i,i,i,i,i,i,,
rotate,8,i,z,i,i,i,i,i,i,i,i,i,i,i,,
rotate,8,i,x,i,i,i,i,i,i,i,i,i,i,i,,
rotate,8,i,z,i,i,i,i,i,i,i,i,i,i,i,,
rotate,8,i,x,i,i,i,i,i,i,i,i,i,i,i,,
rotate,8,i,y,i,i,i,i,i,i,i,i,i,i,i,,
rotate,8,i,x,i,i,i,i,i,i,i,i,i,i,i,,
rotate,-8,i,z,i,i,i,i,i,i,i,i,i,i,i,,
rotate,8,i,y,i,i,i,i,i,i,i,i,i,i,i,,
rotate,8,i,x,i,i,i,i,i,i,i,i,i,i,i,,
rotate,-8,i,z,i,i,i,i,i,i,i,i,i,i,i,,
rotate,8,i,y,i,i,i,i,i,i,i,i,i,i,i,,
rotate,-8,i,z,i,i,i,i,i,i,i,i,i,i,i,,
rotate,8,i,y,i,i,i,i,i,i,i,i,i,i,i,,
rotate,8,i,x,i,i,i,i,i,i,i,i,i,i,i,,
rotate,-8,i,z,i,i,i,i,i,i,i,i,i,i,i,,
rotate,8,i,x,i,i,i,i,i,i,i,i,i,i,i,,
rotate,-8,i,y,i,i,i,i,i,i,i,i,i,i,i,,
rotate,-8,i,z,i,i,i,i,i,i,i,i,i,i,i,,
rotate,8,i,x,i,i,i,i,i,i,i,i,i,i,i,,
rotate,-8,i,y,i,i,i,i,i,i,i,i,i,i,i,,
rotate,-8,i,z,i,i,i,i,i,i,i,i,i,i,i,,
rotate,8,i,i,x,i,i,i,i,i,i,i,i,i,i,,
rotate,8,i,i,z,i,i,i,i,i,i,i,i,i,i,,
rotate,-8,i,i,y,i,i,i,i,i,i,i,i,i,i,,
rotate,8,i,i,x,i,i,i,i,i,i,i,i,i,i,,
rotate,8,i,i,z,i,i,i,i,i,i,i,i,i,i,,
rotate,8,i,i,x,i,i,i,i,i,i,i,i,i,i,,
rotate,8,i,i,z,i,i,i,i,i,i,i,i,i,i,,
rotate,8,i,i,x,i,i,i,i,i,i,i,i,i,i,,
rotate,8,i,i,y,i,i,i,i,i,i,i,i,i,i,,
rotate,8,i,i,x,i,i,i,i,i,i,i,i,i,i,,
rotate,8,i,i,y,i,i,i,i,i,i,i,i,i,i,,
rotate,8,i,i,z,i,i,i,i,i,i,i,i,i,i,,
rotate,8,i,i,x,i,i,i,i,i,i,i,i,i,i,,
rotate,8,i,i,z,i,i,i,i,i,i,i,i,i,i,,
rotate,8,i,i,x,i,i,i,i,i,i,i,i,i,i,,
rotate,8,i,i,y,i,i,i,i,i,i,i,i,i,i,,
rotate,8,i,i,z,i,i,i,i,i,i,i,i,i,i,,
rotate,8,i,i,x,i,i,i,i,i,i,i,i,i,i,,
rotate,8,i,i,z,i,i,i,i,i,i,i,i,i,i,,
rotate,8,i,i,x,i,i,i,i,i,i,i,i,i,i,,
rotate,8,i,i,z,i,i,i,i,i,i,i,i,i,i,,
rotate,-8,i,i,y,i,i,i,i,i,i,i,i,i,i,,
rotate,8,i,i,x,i,i,i,i,i,i,i,i,i,i,,
rotate,8,i,i,z,i,i,i,i,i,i,i,i,i,i,,
rotate,-8,i,i,y,i,i,i,i,i,i,i,i,i,i,,
rotate,8,i,i,x,i,i,i,i,i,i,i,i,i,i,,
rotate,8,i,i,z,i,i,i,i,i,i,i,i,i,i,,
rotate,8,i,i,x,i,i,i,i,i,i,i,i,i,i,,
rotate,8,i,i,y,i,i,i,i,i,i,i,i,i,i,,
rotate,8,i,i,x,i,i,i,i,i,i,i,i,i,i,,
rotate,8,i,i,y,i,i,i,i,i,i,i,i,i,i,,
rotate,8,i,i,z,z,i,i,i,i,i,i,i,i,i,,
rotate,8,i,i,y,i,i,i,i,i,i,i,i,i,i,,
rotate,-8,i,i,x,z,i,i,i,i,i,i,i,i,i,,
rotate,8,i,i,z,z,i,i,i,i,i,i,i,i,i,,
rotate,8,i,i,y,i,i,i,i,i,i,i,i,i,i,,
rotate,8,i,i,z,z,i,i,i,i,i,i,i,i,i,,
rotate,8,i,i,y,i,i,i,i,i,i,i,i,i,i,,
rotate,-8,i,i,x,z,i,i,i,i,i,i,i,i,i,,
rotate,8,i,i,z,z,i,i,i,i,i,i,i,i,i,,
rotate,-8,i,i,x,z,i,i,i,i,i,i,i,i,i,,
rotate,8,i,i,z,z,i,i,i,i,i,i,i,i,i,,
rotate,8,i,i,y,i,i,i,i,i,i,i,i,i,i,,
rotate,8,i,i,z,z,i,i,i,i,i,i,i,i,i,,
rotate,8,i,i,y,i,i,i,i,i,i,i,i,i,i,,
rotate,8,i,i,z,z,i,i,i,i,i,i,i,i,i,,
rotate,8,i,i,x,z,i,i,i,i,i,i,i,i,i,,
rotate,8,i,i,y,i,i,i,i,i,i,i,i,i,i,,
rotate,8,i,i,z,z,i,i,i,i,i,i,i,i,i,,
rotate,8,i,i,y,i,i,i,i,i,i,i,i,i,i,,
rotate,8,i,i,z,z,i,i,i,i,i,i,i,i,i,,
rotate,8,i,i,y,i,i,i,i,i,i,i,i,i,i,,
rotate,-8,i,i,x,z,i,i,i,i,i,i,i,i,i,,
rotate,8,i,i,y,i,i,i,i,i,i,i,i,i,i,,
rotate,-8,i,i,z,z,i,i,i,i,i,i,i,i,i,,
rotate,-8,i,i,x,z,i,i,i,i,i,i,i,i,i,,
rotate,8,i,i,y,i,i,i,i,i,i,i,i,i,i,,
rotate,-8,i,i,z,z,i,i,i,i,i,i,i,i,i,,
rotate,-8,i,i,x,z,i,i,i,i,i,i,i,i,i,,
rotate,8,i,i,y,i,i,i,i,i,i,i,i,i,i,,
rotate,8,i,i,y,i,i,i,i,i,i,i,i,i,i,,
rotate,-8,i,i,z,z,z,i,i,i,i,i,i,i,i,,
rotate,-8,i,i,x,z,z,i,i,i,i,i,i,i,i,,
rotate,8,i,i,y,i,i,i,i,i,i,i,i,i,i,,
rotate,-8,i,i,z,z,z,i,i,i,i,i,i,i,i,,
rotate,8,i,i,y,i,i,i,i,i,i,i,i,i,i,,
rotate,-8,i,i,z,z,z,i,i,i,i,i,i,i,i,,
rotate,8,i,i,y,i,i,i,i,i,i,i,i,i,i,,
rotate,8,i,i,x,z,z,i,i,i,i,i,i,i,i,,
rotate,8,i,i,y,i,i,i,i,i,i,i,i,i,i,,
rotate,8,i,i,x,z,z,i,i,i,i,i,i,i,i,,
rotate,-8,i,i,z,z,z,i,i,i,i,i,i,i,i,,
rotate,8,i,i,y,i,i,i,i,i,i,i,i,i,i,,
rotate,-8,i,i,z,z,z,i,i,i,i,i,i,i,i,,
rotate,8,i,i,y,i,i,i,i,i,i,i,i,i,i,,
rotate,8,i,i,x,z,z,i,i,i,i,i,i,i,i,,
rotate,-8,i,i,z,z,z,i,i,i,i,i,i,i,i,,
rotate,8,i,i,y,i,i,i,i,i,i,i,i,i,i,,
rotate,-8,i,i,z,z,z,i,i,i,i,i,i,i,i,,
rotate,8,i,i,y,i,i,i,i,i,i,i,i,i,i,,
rotate,-8,i,i,z,z,z,i,i,i,i,i,i,i,i,,
rotate,-8,i,i,x,z,z,i,i,i,i,i,i,i,i,,
rotate,8,i,i,y,i,i,i,i,i,i,i,i,i,i,,
rotate,-8,i,i,z,z,z,i,i,i,i,i,i,i,i,,
rotate,-8,i,i,x,z,z,i,i,i,i,i,i,i,i,,
rotate,8,i,i,y,i,i,i,i,i,i,i,i,i,i,,
rotate,-8,i,i,z,z,z,i,i,i,i,i,i,i,i,,
rotate,8,i,i,y,i,i,i,i,i,i,i,i,i,i,,
rotate,8,i,i,x,z,z,i,i,i,i,i,i,i,i,,
rotate,8,i,i,y,i,i,i,i,i,i,i,i,i,i,,
rotate,-8,i,i,z,z,z,i,i,i,i,i,i,i,i,,
rotate,-8,i,i,x,z,z,i,i,i,i,i,i,i,i,,
rotate,-8,i,i,z,z,z,i,i,i,i,i,i,i,i,,
rotate,-8,i,i,y,z,i,i,i,i,i,i,i,i,i,,
rotate,-8,i,i,x,z,z,i,i,i,i,i,i,i,i,,
rotate,-8,i,i,z,z,z,i,i,i,i,i,i,i,i,,
rotate,-8,i,i,x,z,z,i,i,i,i,i,i,i,i,,
rotate,-8,i,i,z,z,z,i,i,i,i,i,i,i,i,,
rotate,-8,i,i,y,z,i,i,i,i,i,i,i,i,i,,
rotate,-8,i,i,x,z,z,i,i,i,i,i,i,i,i,,
rotate,-8,i,i,y,z,i,i,i,i,i,i,i,i,i,,
rotate,-8,i,i,x,z,z,i,i,i,i,i,i,i,i,,
rotate,-8,i,i,z,z,z,i,i,i,i,i,i,i,i,,
rotate,-8,i,i,x,z,z,i,i,i,i,i,i,i,i,,
rotate,-8,i,i,z,z,z,i,i,i,i,i,i,i,i,,
rotate,-8,i,i,x,z,z,i,i,i,i,i,i,i,i,,
rotate,8,i,i,y,z,i,i,i,i,i,i,i,i,i,,
rotate,-8,i,i,z,z,z,i,i,i,i,i,i,i,i,,
rotate,-8,i,i,x,z,z,i,i,i,i,i,i,i,i,,
rotate,-8,i,i,z,z,z,i,i,i,i,i,i,i,i,,
rotate,-8,i,i,x,z,z,i,i,i,i,i,i,i,i,,
rotate,-8,i,i,z,z,z,i,i,i,i,i,i,i,i,,
rotate,-8,i,i,y,z,i,i,i,i,i,i,i,i,i,,
rotate,-8,i,i,z,z,z,i,i,i,i,i,i,i,i,,
rotate,8,i,i,x,z,z,i,i,i,i,i,i,i,i,,
rotate,-8,i,i,y,z,i,i,i,i,i,i,i,i,i,,
rotate,-8,i,i,z,z,z,i,i,i,i,i,i,i,i,,
rotate,8,i,i,x,z,z,i,i,i,i,i,i,i,i,,
rotate,-8,i,i,y,z,i,i,i,i,i,i,i,i,i,,
rotate,-8,i,i,z,z,z,i,i,i,i,i,i,i,i,,
rotate,-8,i,i,z,z,z,i,i,i,i,i,i,i,i,,
rotate,8,i,i,x,z,z,z,i,i,i,i,i,i,i,,
rotate,-8,i,i,y,z,i,z,i,i,i,i,i,i,i,,
rotate,-8,i,i,z,z,z,i,i,i,i,i,i,i,i,,
rotate,8,i,i,x,z,z,z,i,i,i,i,i,i,i,,
rotate,-8,i,i,z,z,z,i,i,i,i,i,i,i,i,,
rotate,8,i,i,x,z,z,z,i,i,i,i,i,i,i,,
rotate,-8,i,i,z,z,z,i,i,i,i,i,i,i,i,,
rotate,8,i,i,y,z,i,z,i,i,i,i,i,i,i,,
rotate,-8,i,i,z,z,z,i,i,i,i,i,i,i,i,,
rotate,8,i,i,y,z,i,z,i,i,i,i,i,i,i,,
rotate,8,i,i,x,z,z,z,i,i,i,i,i,i,i,,
rotate,-8,i,i,z,z,z,i,i,i,i,i,i,i,i,,
rotate,8,i,i,x,z,z,z,i,i,i,i,i,i,i,,
rotate,-8,i,i,z,z,z,i,i,i,i,i,i,i,i,,
rotate,8,i,i,y,z,i,z,i,i,i,i,i,i,i,,
rotate,8,i,i,x,z,z,z,i,i,i,i,i,i,i,,
rotate,-8,i,i,z,z,z,i,i,i,i,i,i,i,i,,
rotate,8,i,i,x,z,z,z,i,i,i,i,i,i,i,,
rotate,-8,i,i,z,z,z,i,i,i,i,i,i,i,i,,
rotate,8,i,i,x,z,z,z,i,i,i,i,i,i,i,,
rotate,-8,i,i,y,z,i,z,i,i,i,i,i,i,i,,
rotate,-8,i,i,z,z,z,i,i,i,i,i,i,i,i,,
rotate,8,i,i,x,z,z,z,i,i,i,i,i,i,i,,
rotate,-8,i,i,y,z,i,z,i,i,i,i,i,i,i,,
rotate,-8,i,i,z,z,z,i,i,i,i,i,i,i,i,,
rotate,8,i,i,x,z,z,z,i,i,i,i,i,i,i,,
rotate,-8,i,i,z,z,z,i,i,i,i,i,i,i,i,,
rotate,8,i,i,y,z,i,z,i,i,i,i,i,i,i,,
rotate,-8,i,i,z,z,z,i,i,i,i,i,i,i,i,,
rotate,-8,i,i,y,z,i,z,i,i,i,i,i,i,i,,
rotate,-8,i,i,x,z,z,z,i,i,i,i,i,i,i,,
rotate,-8,i,i,y,z,i,z,i,i,i,i,i,i,i,,
rotate,8,i,i,z,z,z,i,i,i,i,i,i,i,i,,
rotate,-8,i,i,x,z,z,z,i,i,i,i,i,i,i,,
rotate,8,i,i,z,z,z,i,i,i,i,i,i,i,i,,
rotate,8,i,i,y,z,i,z,i,i,i,i,i,i,i,,
rotate,-8,i,i,x,z,z,z,i,i,i,i,i,i,i,,
rotate,8,i,i,y,z,i,z,i,i,i,i,i,i,i,,
rotate,-8,i,i,x,z,z,z,i,i,i,i,i,i,i,,
rotate,8,i,i,y,z,i,z,i,i,i,i,i,i,i,,
rotate,-8,i,i,x,z,z,z,i,i,i,i,i,i,i,,
rotate,8,i,i,z,z,z,i,i,i,i,i,i,i,i,,
rotate,8,i,i,y,z,i,z,i,i,i,i,i,i,i,,
rotate,-8,i,i,x,z,z,z,i,i,i,i,i,i,i,,
rotate,8,i,i,y,z,i,z,i,i,i,i,i,i,i,,
rotate,-8,i,i,x,z,z,z,i,i,i,i,i,i,i,,
rotate,8,i,i,y,z,i,z,i,i,i,i,i,i,i,,
rotate,-8,i,i,z,z,z,i,i,i,i,i,i,i,i,,
rotate,-8,i,i,x,z,z,z,i,i,i,i,i,i,i,,
rotate,-8,i,i,z,z,z,i,i,i,i,i,i,i,i,,
rotate,-8,i,i,y,z,i,z,i,i,i,i,i,i,i,,
rotate,-8,i,i,x,z,z,z,i,i,i,i,i,i,i,,
rotate,-8,i,i,y,z,i,z,i,i,i,i,i,i,i,,
rotate,-8,i,i,x,z,z,z,i,i,i,i,i,i,i,,
rotate,-8,i,i,y,z,i,z,i,i,i,i,i,i,i,,
rotate,-8,i,i,x,z,z,z,i,i,i,i,i,i,i,,
rotate,-8,i,i,z,z,z,i,i,i,i,i,i,i,i,,
rotate,-8,i,i,y,z,i,z,i,i,i,i,i,i,i,,
rotate,-8,i,i,x,z,z,z,i,i,i,i,i,i,i,,
rotate,-8,i,i,x,z,z,z,i,i,i,i,i,i,i,,
rotate,-8,i,i,z,z,z,i,i,i,i,i,i,i,i,,
rotate,-8,i,i,y,z,i,z,i,i,i,i,i,i,i,,
rotate,-8,i,i,z,z,z,i,i,i,i,i,i,i,i,,
rotate,8,i,i,x,z,z,z,i,i,i,i,i,i,i,,
rotate,-8,i,i,y,z,i,z,i,i,i,i,i,i,i,,
rotate,-8,i,i,z,z,z,i,i,i,i,i,i,i,i,,
rotate,8,i,i,x,z,z,z,i,i,i,i,i,i,i,,
rotate,-8,i,i,y,z,i,z,i,i,i,i,i,i,i,,
rotate,-8,i,i,z,z,z,i,i,i,i,i,i,i,i,,
rotate,-8,i,i,y,z,i,z,i,i,i,i,i,i,i,,
rotate,-8,i,i,z,z,z,i,i,i,i,i,i,i,i,,
rotate,-8,i,i,y,z,i,z,i,i,i,i,i,i,i,,
rotate,-8,i,i,x,z,z,z,i,i,i,i,i,i,i,,
rotate,-8,i,i,z,z,z,i,i,i,i,i,i,i,i,,
rotate,-8,i,i,y,z,i,z,i,i,i,i,i,i,i,,
rotate,-8,i,i,z,z,z,i,i,i,i,i,i,i,i,,
rotate,-8,i,i,y,z,i,z,i,i,i,i,i,i,i,,
rotate,-8,i,i,x,z,z,z,i,i,i,i,i,i,i,,
rotate,-8,i,i,z,z,z,i,i,i,i,i,i,i,i,,
rotate,-8,i,i,x,z,z,z,i,i,i,i,i,i,i,,
rotate,-8,i,i,z,z,z,i,i,i,i,i,i,i,i,,
rotate,-8,i,i,y,z,i,z,i,i,i,i,i,i,i,,
rotate,-8,i,i,z,z,z,i,i,i,i,i,i,i,i,,
rotate,-8,i,i,y,z,i,z,i,i,i,i,i,i,i,,
rotate,-8,i,i,z,z,z,i,i,i,i,i,i,i,i,,
rotate,8,i,i,x,z,z,z,i,i,i,i,i,i,i,,
rotate,-8,i,i,y,z,i,z,i,i,i,i,i,i,i,,
rotate,-8,i,i,z,z,z,i,i,i,i,i,i,i,i,,
rotate,-8,i,i,y,z,i,z,i,i,i,i,i,i,i,,
rotate,8,i,i,x,z,z,z,i,i,i,i,i,i,i,,
rotate,8,i,i,z,z,z,i,i,i,i,i,i,i,i,,
rotate,8,i,i,x,z,z,z,i,i,i,i,i,i,i,,
rotate,8,i,i,y,z,i,z,i,i,i,i,i,i,i,,
rotate,8,i,i,z,z,z,i,i,i,i,i,i,i,i,,
rotate,8,i,i,y,z,i,z,i,i,i,i,i,i,i,,
rotate,-8,i,i,x,z,z,z,i,i,i,i,i,i,i,,
rotate,8,i,i,z,z,z,i,i,i,i,i,i,i,i,,
rotate,-8,i,i,x,z,z,z,i,i,i,i,i,i,i,,
rotate,8,i,i,z,z,z,i,i,i,i,i,i,i,i,,
rotate,-8,i,i,x,z,z,z,i,i,i,i,i,i,i,,
rotate,8,i,i,z,z,z,i,i,i,i,i,i,i,i,,
rotate,8,i,i,y,z,i,z,i,i,i,i,i,i,i,,
rotate,-8,i,i,x,z,z,z,i,i,i,i,i,i,i,,
rotate,8,i,i,z,z,z,i,i,i,i,i,i,i,i,,
rotate,-8,i,i,x,z,z,z,i,i,i,i,i,i,i,,
rotate,8,i,i,z,z,z,i,i,i,i,i,i,i,i,,
rotate,-8,i,i,x,z,z,z,i,i,i,i,i,i,i,,
rotate,-8,i,i,y,z,i,z,i,i,i,i,i,i,i,,
rotate,8,i,i,z,z,z,i,i,i,i,i,i,i,i,,
rotate,-8,i,i,y,z,i,z,i,i,i,i,i,i,i,,
rotate,8,i,i,x,z,z,z,i,i,i,i,i,i,i,,
rotate,8,i,i,z,z,z,i,i,i,i,i,i,i,i,,
rotate,8,i,i,x,z,z,z,i,i,i,i,i,i,i,,
rotate,8,i,i,z,z,z,i,i,i,i,i,i,i,i,,
rotate,8,i,i,x,z,z,z,i,i,i,i,i,i,i,,
rotate,8,i,i,z,z,z,i,i,i,i,i,i,i,i,,
rotate,-8,i,i,y,z,i,z,i,i,i,i,i,i,i,,
rotate,8,i,i,x,z,z,z,i,i,i,i,i,i,i,,
rotate,8,i,i,z,z,z,i,i,i,i,i,i,i,i,,
rotate,8,i,i,x,z,z,z,i,i,i,i,i,i,i,,
rotate,-8,i,i,y,z,i,z,z,i,i,i,i,i,i,,
rotate,-8,i,i,z,z,z,i,z,i,i,i,i,i,i,,
rotate,8,i,i,x,z,z,z,i,i,i,i,i,i,i,,
rotate,-8,i,i,y,z,i,z,z,i,i,i,i,i,i,,
rotate,8,i,i,x,z,z,z,i,i,i,i,i,i,i,,
rotate,-8,i,i,y,z,i,z,z,i,i,i,i,i,i,,
rotate,8,i,i,x,z,z,z,i,i,i,i,i,i,i,,
rotate,8,i,i,z,z,z,i,z,i,i,i,i,i,i,,
rotate,8,i,i,x,z,z,z,i,i,i,i,i,i,i,,
rotate,8,i,i,z,z,z,i,z,i,i,i,i,i,i,,
rotate,-8,i,i,y,z,i,z,z,i,i,i,i,i,i,,
rotate,8,i,i,x,z,z,z,i,i,i,i,i,i,i,,
rotate,-8,i,i,y,z,i,z,z,i,i,i,i,i,i,,
rotate,8,i,i,x,z,z,z,i,i,i,i,i,i,i,,
rotate,8,i,i,z,z,z,i,z,i,i,i,i,i,i,,
rotate,-8,i,i,y,z,i,z,z,i,i,i,i,i,i,,
rotate,8,i,i,x,z,z,z,i,i,i,i,i,i,i,,
rotate,-8,i,i,y,z,i,z,z,i,i,i,i,i,i,,
rotate,8,i,i,x,z,z,z,i,i,i,i,i,i,i,,
rotate,-8,i,i,y,z,i,z,z,i,i,i,i,i,i,,
rotate,-8,i,i,z,z,z,i,z,i,i,i,i,i,i,,
rotate,8,i,i,x,z,z,z,i,i,i,i,i,i,i,,
rotate,-8,i,i,y,z,i,z,z,i,i,i,i,i,i,,
rotate,-8,i,i,z,z,z,i,z,i,i,i,i,i,i,,
rotate,8,i,i,x,z,z,z,i,i,i,i,i,i,i,,
rotate,-8,i,i,y,z,i,z,z,i,i,i,i,i,i,,
rotate,8,i,i,x,z,z,z,i,i,i,i,i,i,i,,
rotate,8,i,i,z,z,z,i,z,i,i,i,i,i,i,,
rotate,8,i,i,x,z,z,z,i,i,i,i,i,i,i,,
rotate,-8,i,i,y,z,i,z,z,i,i,i,i,i,i,,
rotate,-8,i,i,z,z,z,i,z,i,i,i,i,i,i,,
rotate,-8,i,i,y,z,i,z,z,i,i,i,i,i,i,,
rotate,-8,i,i,x,z,z,z,i,i,i,i,i,i,i,,
rotate,-8,i,i,z,z,z,i,z,i,i,i,i,i,i,,
rotate,-8,i,i,y,z,i,z,z,i,i,i,i,i,i,,
rotate,-8,i,i,z,z,z,i,z,i,i,i,i,i,i,,
rotate,-8,i,i,y,z,i,z,z,i,i,i,i,i,i,,
rotate,-8,i,i,x,z,z,z,i,i,i,i,i,i,i,,
rotate,-8,i,i,z,z,z,i,z,i,i,i,i,i,i,,
rotate,-8,i,i,x,z,z,z,i,i,i,i,i,i,i,,
rotate,-8,i,i,z,z,z,i,z,i,i,i,i,i,i,,
rotate,-8,i,i,y,z,i,z,z,i,i,i,i,i,i,,
rotate,-8,i,i,z,z,z,i,z,i,i,i,i,i,i,,
rotate,-8,i,i,y,z,i,z,z,i,i,i,i,i,i,,
rotate,-8,i,i,z,z,z,i,z,i,i,i,i,i,i,,
rotate,8,i,i,x,z,z,z,i,i,i,i,i,i,i,,
rotate,-8,i,i,y,z,i,z,z,i,i,i,i,i,i,,
rotate,-8,i,i,z,z,z,i,z,i,i,i,i,i,i,,
rotate,-8,i,i,y,z,i,z,z,i,i,i,i,i,i,,
rotate,-8,i,i,z,z,z,i,z,i,i,i,i,i,i,,
rotate,-8,i,i,y,z,i,z,z,i,i,i,i,i,i,,
rotate,-8,i,i,x,z,z,z,i,i,i,i,i,i,i,,
rotate,-8,i,i,y,z,i,z,z,i,i,i,i,i,i,,
rotate,8,i,i,z,z,z,i,z,i,i,i,i,i,i,,
rotate,-8,i,i,x,z,z,z,i,i,i,i,i,i,i,,
rotate,-8,i,i,y,z,i,z,z,i,i,i,i,i,i,,
rotate,8,i,i,z,z,z,i,z,i,i,i,i,i,i,,
rotate,-8,i,i,x,z,z,z,i,i,i,i,i,i,i,,
rotate,-8,i,i,y,z,i,z,z,i,i,i,i,i,i,,
rotate,-8,i,i,y,z,i,z,z,i,i,i,i,i,i,,
rotate,8,i,i,z,z,z,i,z,i,i,i,i,i,i,,
rotate,-8,i,i,x,z,z,z,i,i,i,i,i,i,i,,
rotate,-8,i,i,y,z,i,z,z,i,i,i,i,i,i,,
rotate,8,i,i,z,z,z,i,z,i,i,i,i,i,i,,
rotate,-8,i,i,y,z,i,z,z,i,i,i,i,i,i,,
rotate,8,i,i,z,z,z,i,z,i,i,i,i,i,i,,
rotate,-8,i,i,y,z,i,z,z,i,i,i,i,i,i,,
rotate,8,i,i,x,z,z,z,i,i,i,i,i,i,i,,
rotate,-8,i,i,y,z,i,z,z,i,i,i,i,i,i,,
rotate,8,i,i,x,z,z,z,i,i,i,i,i,i,i,,
rotate,8,i,i,z,z,z,i,z,i,i,i,i,i,i,,
rotate,-8,i,i,y,z,i,z,z,i,i,i,i,i,i,,
rotate,8,i,i,z,z,z,i,z,i,i,i,i,i,i,,
rotate,-8,i,i,y,z,i,z,z,i,i,i,i,i,i,,
rotate,8,i,i,x,z,z,z,i,i,i,i,i,i,i,,
rotate,8,i,i,z,z,z,i,z,i,i,i,i,i,i,,
rotate,-8,i,i,y,z,i,z,z,i,i,i,i,i,i,,
rotate,8,i,i,z,z,z,i,z,i,i,i,i,i,i,,
rotate,-8,i,i,y,z,i,z,z,i,i,i,i,i,i,,
rotate,8,i,i,z,z,z,i,z,i,i,i,i,i,i,,
rotate,-8,i,i,x,z,z,z,i,i,i,i,i,i,i,,
rotate,-8,i,i,y,z,i,z,z,i,i,i,i,i,i,,
rotate,8,i,i,z,z,z,i,z,i,i,i,i,i,i,,
rotate,-8,i,i,x,z,z,z,i,i,i,i,i,i,i,,
rotate,-8,i,i,y,z,i,z,z,i,i,i,i,i,i,,
rotate,8,i,i,z,z,z,i,z,i,i,i,i,i,i,,
rotate,-8,i,i,y,z,i,z,z,i,i,i,i,i,i,,
rotate,8,i,i,x,z,z,z,i,i,i,i,i,i,i,,
rotate,-8,i,i,y,z,i,z,z,i,i,i,i,i,i,,
rotate,8,i,i,z,z,z,i,z,i,i,i,i,i,i,,
rotate,-8,i,i,x,z,z,z,i,i,i,i,i,i,i,,
rotate,8,i,i,z,z,z,i,z,i,i,i,i,i,i,,
rotate,8,i,i,y,z,i,z,z,i,i,i,i,i,i,,
rotate,-8,i,i,x,z,z,z,i,i,i,i,i,i,i,,
rotate,8,i,i,z,z,z,i,z,i,i,i,i,i,i,,
rotate,-8,i,i,x,z,z,z,i,i,i,i,i,i,i,,
rotate,8,i,i,z,z,z,i,z,i,i,i,i,i,i,,
rotate,8,i,i,y,z,i,z,z,i,i,i,i,i,i,,
rotate,-8,i,i,x,z,z,z,i,i,i,i,i,i,i,,
rotate,8,i,i,y,z,i,z,z,i,i,i,i,i,i,,
rotate,-8,i,i,x,z,z,z,i,i,i,i,i,i,i,,
rotate,8,i,i,z,z,z,i,z,i,i,i,i,i,i,,
rotate,-8,i,i,x,z,z,z,i,i,i,i,i,i,i,,
rotate,8,i,i,z,z,z,i,z,i,i,i,i,i,i,,
rotate,-8,i,i,x,z,z,z,i,i,i,i,i,i,i,,
rotate,-8,i,i,y,z,i,z,z,i,i,i,i,i,i,,
rotate,8,i,i,z,z,z,i,z,i,i,i,i,i,i,,
rotate,-8,i,i,x,z,z,z,i,i,i,i,i,i,i,,
rotate,8,i,i,z,z,z,i,z,i,i,i,i,i,i,,
rotate,-8,i,i,x,z,z,z,i,i,i,i,i,i,i,,
rotate,8,i,i,z,z,z,i,z,i,i,i,i,i,i,,
rotate,8,i,i,y,z,i,z,z,i,i,i,i,i,i,,
rotate,8,i,i,z,z,z,i,z,i,i,i,i,i,i,,
rotate,8,i,i,x,z,z,z,i,i,i,i,i,i,i,,
rotate,8,i,i,y,z,i,z,z,i,i,i,i,i,i,,
rotate,8,i,i,z,z,z,i,z,i,i,i,i,i,i,,
rotate,8,i,i,x,z,z,z,i,i,i,i,i,i,i,,
rotate,8,i,i,y,z,i,z,z,i,i,i,i,i,i,,
rotate,8,i,i,z,z,z,i,z,i,i,i,i,i,i,,
rotate,-8,i,i,y,z,i,z,z,i,i,i,i,i,i,,
rotate,8,i,i,x,z,z,z,i,i,i,i,i,i,i,,
rotate,8,i,i,z,z,z,i,z,i,i,i,i,i,i,,
rotate,8,i,i,x,z,z,z,i,i,i,i,i,i,i,,
rotate,8,i,i,y,z,i,z,z,i,i,i,i,i,i,,
rotate,8,i,i,z,z,z,i,z,i,i,i,i,i,i,,
rotate,8,i,i,x,z,z,z,i,i,i,i,i,i,i,,
rotate,8,i,i,y,z,i,z,z,i,i,i,i,i,i,,
rotate,8,i,i,z,z,z,i,z,i,i,i,i,i,i,,
rotate,8,i,i,x,z,z,z,i,i,i,i,i,i,i,,
rotate,8,i,i,z,z,z,i,z,i,i,i,i,i,i,,
rotate,8,i,i,x,z,z,z,i,i,i,i,i,i,i,,
rotate,8,i,i,z,z,z,i,z,i,i,i,i,i,i,,
rotate,-8,i,i,y,z,i,z,z,i,i,i,i,i,i,,
rotate,8,i,i,x,z,z,z,i,i,i,i,i,i,i,,
rotate,8,i,i,z,z,z,i,z,i,i,i,i,i,i,,
rotate,8,i,i,x,z,z,z,i,i,i,i,i,i,i,,
rotate,8,i,i,z,z,z,i,z,i,i,i,i,i,i,,
rotate,-8,i,i,y,z,i,z,z,i,i,i,i,i,i,,
rotate,8,i,i,x,z,z,z,i,i,i,i,i,i,i,,
rotate,-8,i,i,y,z,i,z,z,i,i,i,i,i,i,,
rotate,8,i,i,x,z,z,z,i,i,i,i,i,i,i,,
rotate,8,i,i,z,z,z,i,z,i,i,i,i,i,i,,
rotate,8,i,i,x,z,z,z,i,i,i,i,i,i,i,,
rotate,8,i,i,z,z,z,i,z,i,i,i,i,i,i,,
rotate,8,i,i,x,z,z,z,i,i,i,i,i,i,i,,
rotate,8,i,i,y,z,i,z,z,i,i,i,i,i,i,,
rotate,8,i,i,z,z,z,i,z,i,i,i,i,i,i,,
rotate,8,i,i,x,z,z,z,i,i,i,i,i,i,i,,
rotate,8,i,i,z,z,z,i,z,i,i,i,i,i,i,,
rotate,8,i,i,x,z,z,z,i,i,i,i,i,i,i,,
rotate,8,i,i,y,z,i,z,z,i,i,i,i,i,i,,
rotate,8,i,i,x,z,z,z,i,i,i,i,i,i,i,,
rotate,-8,i,i,z,z,z,i,z,i,i,i,i,i,i,,
rotate,8,i,i,y,z,i,z,z,i,i,i,i,i,i,,
rotate,8,i,i,x,z,z,z,i,i,i,i,i,i,i,,
rotate,8,i,i,y,z,i,z,z,i,i,i,i,i,i,,
rotate,8,i,i,x,z,z,z,i,i,i,i,i,i,i,,
rotate,-8,i,i,z,z,z,i,z,i,i,i,i,i,i,,
rotate,8,i,i,y,z,i,z,z,i,i,i,i,i,i,,
rotate,-8,i,i,z,z,z,i,z,i,i,i,i,i,i,,
rotate,8,i,i,y,z,i,z,z,i,i,i,i,i,i,,
rotate,8,i,i,x,z,z,z,i,i,i,i,i,i,i,,
rotate,8,i,i,y,z,i,z,z,i,i,i,i,i,i,,
rotate,8,i,i,x,z,z,z,i,i,i,i,i,i,i,,
rotate,8,i,i,y,z,i,z,z,i,i,i,i,i,i,,
rotate,8,i,i,z,z,z,i,z,i,i,i,i,i,i,,
rotate,8,i,i,x,z,z,z,i,i,i,i,i,i,i,,
rotate,8,i,i,y,z,i,z,z,i,i,i,i,i,i,,
rotate,8,i,i,x,z,z,z,i,i,i,i,i,i,i,,
rotate,8,i,i,y,z,i,z,z,i,i,i,i,i,i,,
rotate,8,i,i,x,z,z,z,i,i,i,i,i,i,i,,
rotate,-8,i,i,z,z,z,i,z,i,i,i,i,i,i,,
rotate,8,i,i,x,z,z,z,i,i,i,i,i,i,i,,
rotate,-8,i,i,y,z,i,z,z,i,i,i,i,i,i,,
rotate,-8,i,i,z,z,z,i,z,i,i,i,i,i,i,,
rotate,8,i,i,x,z,z,z,i,i,i,i,i,i,i,,
rotate,-8,i,i,y,z,i,z,z,i,i,i,i,i,i,,
rotate,-8,i,i,z,z,z,i,z,i,i,i,i,i,i,,
rotate,8,i,i,x,z,z,z,i,i,i,i,i,i,i,,
rotate,8,i,i,x,z,z,z,i,i,i,i,i,i,i,,
rotate,-8,i,i,y,z,z,z,z,i,i,i,i,i,i,,
rotate,-8,i,i,z,z,z,i,z,i,i,i,i,i,i,,
rotate,8,i,i,x,z,z,z,i,i,i,i,i,i,i,,
rotate,-8,i,i,y,z,z,z,z,i,i,i,i,i,i,,
rotate,8,i,i,x,z,z,z,i,i,i,i,i,i,i,,
rotate,-8,i,i,y,z,z,z,z,i,i,i,i,i,i,,
rotate,8,i,i,x,z,z,z,i,i,i,i,i,i,i,,
rotate,8,i,i,z,z,z,i,z,i,i,i,i,i,i,,
rotate,8,i,i,x,z,z,z,i,i,i,i,i,i,i,,
rotate,8,i,i,z,z,z,i,z,i,i,i,i,i,i,,
rotate,-8,i,i,y,z,z,z,z,i,i,i,i,i,i,,
rotate,8,i,i,x,z,z,z,i,i,i,i,i,i,i,,
rotate,-8,i,i,y,z,z,z,z,i,i,i,i,i,i,,
rotate,8,i,i,x,z,z,z,i,i,i,i,i,i,i,,
rotate,8,i,i,z,z,z,i,z,i,i,i,i,i,i,,
rotate,-8,i,i,y,z,z,z,z,i,i,i,i,i,i,,
rotate,8,i,i,x,z,z,z,i,i,i,i,i,i,i,,
rotate,-8,i,i,y,z,z,z,z,i,i,i,i,i,i,,
rotate,8,i,i,x,z,z,z,i,i,i,i,i,i,i,,
rotate,-8,i,i,y,z,z,z,z,i,i,i,i,i,i,,
rotate,-8,i,i,z,z,z,i,z,i,i,i,i,i,i,,
rotate,8,i,i,x,z,z,z,i,i,i,i,i,i,i,,
rotate,-8,i,i,y,z,z,z,z,i,i,i,i,i,i,,
rotate,-8,i,i,z,z,z,i,z,i,i,i,i,i,i,,
rotate,8,i,i,x,z,z,z,i,i,i,i,i,i,i,,
rotate,-8,i,i,y,z,z,z,z,i,i,i,i,i,i,,
rotate,8,i,i,x,z,z,z,i,i,i,i,i,i,i,,
rotate,8,i,i,z,z,z,i,z,i,i,i,i,i,i,,
rotate,8,i,i,x,z,z,z,i,i,i,i,i,i,i,,
rotate,-8,i,i,y,z,z,z,z,i,i,i,i,i,i,,
rotate,-8,i,i,z,z,z,i,z,i,i,i,i,i,i,,
rotate,-8,i,i,y,z,z,z,z,i,i,i,i,i,i,,
rotate,-8,i,i,x,z,z,z,i,i,i,i,i,i,i,,
rotate,-8,i,i,z,z,z,i,z,i,i,i,i,i,i,,
rotate,-8,i,i,y,z,z,z,z,i,i,i,i,i,i,,
rotate,-8,i,i,z,z,z,i,z,i,i,i,i,i,i,,
rotate,-8,i,i,y,z,z,z,z,i,i,i,i,i,i,,
rotate,-8,i,i,x,z,z,z,i,i,i,i,i,i,i,,
rotate,-8,i,i,z,z,z,i,z,i,i,i,i,i,i,,
rotate,-8,i,i,x,z,z,z,i,i,i,i,i,i,i,,
rotate,-8,i,i,z,z,z,i,z,i,i,i,i,i,i,,
rotate,-8,i,i,y,z,z,z,z,i,i,i,i,i,i,,
rotate,-8,i,i,z,z,z,i,z,i,i,i,i,i,i,,
rotate,-8,i,i,y,z,z,z,z,i,i,i,i,i,i,,
rotate,-8,i,i,z,z,z,i,z,i,i,i,i,i,i,,
rotate,8,i,i,x,z,z,z,i,i,i,i,i,i,i,,
rotate,-8,i,i,y,z,z,z,z,i,i,i,i,i,i,,
rotate,-8,i,i,z,z,z,i,z,i,i,i,i,i,i,,
rotate,-8,i,i,y,z,z,z,z,i,i,i,i,i,i,,
rotate,-8,i,i,z,z,z,i,z,i,i,i,i,i,i,,
rotate,-8,i,i,y,z,z,z,z,i,i,i,i,i,i,,
rotate,-8,i,i,x,z,z,z,i,i,i,i,i,i,i,,
rotate,-8,i,i,y,z,z,z,z,i,i,i,i,i,i,,
rotate,8,i,i,z,z,z,i,z,i,i,i,i,i,i,,
rotate,-8,i,i,x,z,z,z,i,i,i,i,i,i,i,,
rotate,-8,i,i,y,z,z,z,z,i,i,i,i,i,i,,
rotate,8,i,i,z,z,z,i,z,i,i,i,i,i,i,,
rotate,-8,i,i,x,z,z,z,i,i,i,i,i,i,i,,
rotate,-8,i,i,y,z,z,z,z,i,i,i,i,i,i,,
rotate,8,i,i,i,i,i,i,i,x,i,i,i,i,i,,
rotate,-8,i,i,i,i,i,i,i,y,i,i,i,i,i,,
rotate,-8,i,i,i,i,i,i,i,z,i,i,i,i,i,,
rotate,-8,i,i,i,i,i,i,i,y,i,i,i,i,i,,
rotate,-8,i,i,i,i,i,i,i,x,i,i,i,i,i,,
rotate,-8,i,i,i,i,i,i,i,y,i,i,i,i,i,,
rotate,8,i,i,i,i,i,i,i,z,i,i,i,i,i,,
rotate,-8,i,i,i,i,i,i,i,x,i,i,i,i,i,,
rotate,8,i,i,i,i,i,i,i,z,i,i,i,i,i,,
rotate,8,i,i,i,i,i,i,i,y,i,i,i,i,i,,
rotate,-8,i,i,i,i,i,i,i,x,i,i,i,i,i,,
rotate,8,i,i,i,i,i,i,i,z,i,i,i,i,i,,
rotate,-8,i,i,i,i,i,i,i,x,i,i,i,i,i,,
rotate,-8,i,i,i,i,i,i,i,y,i,i,i,i,i,,
rotate,-8,i,i,i,i,i,i,i,x,i,i,i,i,i,,
rotate,-8,i,i,i,i,i,i,i,z,i,i,i,i,i,,
rotate,-8,i,i,i,i,i,i,i,y,i,i,i,i,i,,
rotate,-8,i,i,i,i,i,i,i,z,i,i,i,i,i,,
rotate,8,i,i,i,i,i,i,i,x,i,i,i,i,i,,
rotate,-8,i,i,i,i,i,i,i,y,i,i,i,i,i,,
rotate,-8,i,i,i,i,i,i,i,z,i,i,i,i,i,,
rotate,-8,i,i,i,i,i,i,i,y,i,i,i,i,i,,
rotate,-8,i,i,i,i,i,i,i,i,x,i,i,i,i,,
rotate,8,i,i,i,i,i,i,i,i,y,i,i,i,i,,
rotate,-8,i,i,i,i,i,i,i,i,z,i,i,i,i,,
rotate,8,i,i,i,i,i,i,i,i,y,i,i,i,i,,
rotate,-8,i,i,i,i,i,i,i,i,z,i,i,i,i,,
rotate,8,i,i,i,i,i,i,i,i,y,i,i,i,i,,
rotate,8,i,i,i,i,i,i,i,i,x,i,i,i,i,,
rotate,8,i,i,i,i,i,i,i,i,y,i,i,i,i,,
rotate,8,i,i,i,i,i,i,i,i,z,i,i,i,i,,
rotate,8,i,i,i,i,i,i,i,i,x,i,i,i,i,,
rotate,8,i,i,i,i,i,i,i,i,z,i,i,i,i,,
rotate,8,i,i,i,i,i,i,i,i,x,i,i,i,i,,
rotate,8,i,i,i,i,i,i,i,i,y,i,i,i,i,,
rotate,8,i,i,i,i,i,i,i,i,z,i,i,i,i,,
rotate,8,i,i,i,i,i,i,i,i,y,i,i,i,i,,
rotate,8,i,i,i,i,i,i,i,i,z,i,i,i,i,,
rotate,8,i,i,i,i,i,i,i,i,x,i,i,i,i,,
rotate,8,i,i,i,i,i,i,i,i,y,i,i,i,i,,
rotate,8,i,i,i,i,i,i,i,i,x,i,i,i,i,,
rotate,8,i,i,i,i,i,i,i,i,y,i,i,i,i,,
rotate,8,i,i,i,i,i,i,i,i,z,i,i,i,i,,
rotate,8,i,i,i,i,i,i,i,i,x,i,i,i,i,,
rotate,8,i,i,i,i,i,i,i,i,z,i,i,i,i,,
rotate,-8,i,i,i,i,i,i,i,i,y,i,i,i,i,,
rotate,8,i,i,i,i,i,i,i,i,x,i,i,i,i,,
rotate,-8,i,i,i,i,i,i,i,i,y,i,i,i,i,,
rotate,8,i,i,i,i,i,i,i,i,x,i,i,i,i,,
rotate,-8,i,i,i,i,i,i,i,i,y,i,i,i,i,,
rotate,-8,i,i,i,i,i,i,i,i,z,i,i,i,i,,
rotate,-8,i,i,i,i,i,i,i,i,y,i,i,i,i,,
rotate,-8,i,i,i,i,i,i,i,i,x,i,i,i,i,,
rotate,-8,i,i,i,i,i,i,i,i,y,i,i,i,i,,
rotate,-8,i,i,i,i,i,i,i,i,y,z,i,i,i,,
rotate,8,i,i,i,i,i,i,i,i,x,z,i,i,i,,
rotate,8,i,i,i,i,i,i,i,i,z,i,i,i,i,,
rotate,8,i,i,i,i,i,i,i,i,x,z,i,i,i,,
rotate,8,i,i,i,i,i,i,i,i,z,i,i,i,i,,
rotate,8,i,i,i,i,i,i,i,i,x,z,i,i,i,,
rotate,8,i,i,i,i,i,i,i,i,y,z,i,i,i,,
rotate,8,i,i,i,i,i,i,i,i,x,z,i,i,i,,
rotate,-8,i,i,i,i,i,i,i,i,z,i,i,i,i,,
rotate,8,i,i,i,i,i,i,i,i,x,z,i,i,i,,
rotate,-8,i,i,i,i,i,i,i,i,y,z,i,i,i,,
rotate,-8,i,i,i,i,i,i,i,i,z,i,i,i,i,,
rotate,-8,i,i,i,i,i,i,i,i,y,z,i,i,i,,
rotate,-8,i,i,i,i,i,i,i,i,x,z,i,i,i,,
rotate,-8,i,i,i,i,i,i,i,i,z,i,i,i,i,,
rotate,-8,i,i,i,i,i,i,i,i,y,z,i,i,i,,
rotate,-8,i,i,i,i,i,i,i,i,x,z,i,i,i,,
rotate,-8,i,i,i,i,i,i,i,i,y,z,i,i,i,,
rotate,8,i,i,i,i,i,i,i,i,z,i,i,i,i,,
rotate,-8,i,i,i,i,i,i,i,i,y,z,i,i,i,,
rotate,8,i,i,i,i,i,i,i,i,z,i,i,i,i,,
rotate,-8,i,i,i,i,i,i,i,i,y,z,i,i,i,,
rotate,8,i,i,i,i,i,i,i,i,z,i,i,i,i,,
rotate,-8,i,i,i,i,i,i,i,i,x,z,i,i,i,,
rotate,8,i,i,i,i,i,i,i,i,z,i,i,i,i,,
rotate,8,i,i,i,i,i,i,i,i,y,z,i,i,i,,
rotate,-8,i,i,i,i,i,i,i,i,x,z,i,i,i,,
rotate,8,i,i,i,i,i,i,i,i,y,z,i,i,i,,
rotate,-8,i,i,i,i,i,i,i,i,x,z,i,i,i,,
rotate,8,i,i,i,i,i,i,i,i,z,i,i,i,i,,
rotate,8,i,i,i,i,i,i,i,i,y,z,i,i,i,,
rotate,-8,i,i,i,i,i,i,i,i,x,z,i,i,i,,
rotate,-8,i,i,i,i,i,i,i,i,z,i,i,i,i,,
rotate,-8,i,i,i,i,i,i,i,i,y,z,z,i,i,,
rotate,-8,i,i,i,i,i,i,i,i,z,i,i,i,i,,
rotate,-8,i,i,i,i,i,i,i,i,y,z,z,i,i,,
rotate,-8,i,i,i,i,i,i,i,i,z,i,i,i,i,,
rotate,8,i,i,i,i,i,i,i,i,x,z,z,i,i,,
rotate,-8,i,i,i,i,i,i,i,i,y,z,z,i,i,,
rotate,8,i,i,i,i,i,i,i,i,x,z,z,i,i,,
rotate,-8,i,i,i,i,i,i,i,i,y,z,z,i,i,,
rotate,8,i,i,i,i,i,i,i,i,x,z,z,i,i,,
rotate,-8,i,i,i,i,i,i,i,i,y,z,z,i,i,,
rotate,8,i,i,i,i,i,i,i,i,x,z,z,i,i,,
rotate,8,i,i,i,i,i,i,i,i,z,i,i,i,i,,
rotate,-8,i,i,i,i,i,i,i,i,y,z,z,i,i,,
rotate,8,i,i,i,i,i,i,i,i,z,i,i,i,i,,
rotate,-8,i,i,i,i,i,i,i,i,x,z,z,i,i,,
rotate,8,i,i,i,i,i,i,i,i,z,i,i,i,i,,
rotate,-8,i,i,i,i,i,i,i,i,x,z,z,i,i,,
rotate,-8,i,i,i,i,i,i,i,i,y,z,z,i,i,,
rotate,8,i,i,i,i,i,i,i,i,z,i,i,i,i,,
rotate,-8,i,i,i,i,i,i,i,i,x,z,z,i,i,,
rotate,-8,i,i,i,i,i,i,i,i,y,z,z,i,i,,
rotate,8,i,i,i,i,i,i,i,i,z,i,i,i,i,,
rotate,-8,i,i,i,i,i,i,i,i,y,z,z,i,i,,
rotate,8,i,i,i,i,i,i,i,i,z,i,i,i,i,,
rotate,-8,i,i,i,i,i,i,i,i,y,z,z,i,i,,
rotate,8,i,i,i,i,i,i,i,i,z,i,i,i,i,,
rotate,-8,i,i,i,i,i,i,i,i,y,z,z,i,i,,
rotate,8,i,i,i,i,i,i,i,i,z,i,i,i,i,,
rotate,-8,i,i,i,i,i,i,i,i,y,z,z,i,i,,
rotate,8,i,i,i,i,i,i,i,i,z,i,i,i,i,,
rotate,-8,i,i,i,i,i,i,i,i,x,z,z,i,i,,
rotate,-8,i,i,i,i,i,i,i,i,x,z,z,i,i,,
rotate,8,i,i,i,i,i,i,i,i,y,z,z,i,i,,
rotate,-8,i,i,i,i,i,i,i,i,z,i,i,i,i,,
rotate,8,i,i,i,i,i,i,i,i,y,z,z,i,i,,
rotate,-8,i,i,i,i,i,i,i,i,z,i,i,i,i,,
rotate,8,i,i,i,i,i,i,i,i,y,z,z,i,i,,
rotate,8,i,i,i,i,i,i,i,i,x,z,z,i,i,,
rotate,8,i,i,i,i,i,i,i,i,y,z,z,i,i,,
rotate,8,i,i,i,i,i,i,i,i,z,i,i,i,i,,
rotate,8,i,i,i,i,i,i,i,i,y,z,z,i,i,,
rotate,-8,i,i,i,i,i,i,i,i,x,z,z,i,i,,
rotate,8,i,i,i,i,i,i,i,i,z,i,i,i,i,,
rotate,-8,i,i,i,i,i,i,i,i,x,z,z,i,i,,
rotate,-8,i,i,i,i,i,i,i,i,y,z,z,i,i,,
rotate,8,i,i,i,i,i,i,i,i,z,i,i,i,i,,
rotate,-8,i,i,i,i,i,i,i,i,x,z,z,i,i,,
rotate,-8,i,i,i,i,i,i,i,i,y,z,z,i,i,,
rotate,-8,i,i,i,i,i,i,i,i,x,z,z,i,i,,
rotate,-8,i,i,i,i,i,i,i,i,z,i,i,i,i,,
rotate,-8,i,i,i,i,i,i,i,i,x,z,z,i,i,,
rotate,-8,i,i,i,i,i,i,i,i,z,i,i,i,i,,
rotate,-8,i,i,i,i,i,i,i,i,x,z,z,i,i,,
rotate,-8,i,i,i,i,i,i,i,i,z,i,i,i,i,,
rotate,-8,i,i,i,i,i,i,i,i,y,z,z,i,i,,
rotate,-8,i,i,i,i,i,i,i,i,z,i,i,i,i,,
rotate,8,i,i,i,i,i,i,i,i,x,z,z,i,i,,
rotate,-8,i,i,i,i,i,i,i,i,y,z,z,i,i,,
rotate,8,i,i,i,i,i,i,i,i,x,z,z,i,i,,
rotate,-8,i,i,i,i,i,i,i,i,y,z,z,i,i,,
rotate,-8,i,i,i,i,i,i,i,i,z,i,i,i,i,,
rotate,8,i,i,i,i,i,i,i,i,x,z,z,i,i,,
rotate,-8,i,i,i,i,i,i,i,i,y,z,z,i,i,,
rotate,8,i,i,i,i,i,i,i,i,z,i,i,i,i,,
rotate,-8,i,i,i,i,i,i,i,i,x,z,z,z,i,,
rotate,8,i,i,i,i,i,i,i,i,z,i,i,i,i,,
rotate,-8,i,i,i,i,i,i,i,i,x,z,z,z,i,,
rotate,8,i,i,i,i,i,i,i,i,z,i,i,i,i,,
rotate,8,i,i,i,i,i,i,i,i,y,z,z,z,i,,
rotate,-8,i,i,i,i,i,i,i,i,x,z,z,z,i,,
rotate,8,i,i,i,i,i,i,i,i,y,z,z,z,i,,
rotate,-8,i,i,i,i,i,i,i,i,x,z,z,z,i,,
rotate,8,i,i,i,i,i,i,i,i,y,z,z,z,i,,
rotate,-8,i,i,i,i,i,i,i,i,x,z,z,z,i,,
rotate,8,i,i,i,i,i,i,i,i,y,z,z,z,i,,
rotate,-8,i,i,i,i,i,i,i,i,z,i,i,i,i,,
rotate,-8,i,i,i,i,i,i,i,i,x,z,z,z,i,,
rotate,-8,i,i,i,i,i,i,i,i,z,i,i,i,i,,
rotate,-8,i,i,i,i,i,i,i,i,y,z,z,z,i,,
rotate,-8,i,i,i,i,i,i,i,i,z,i,i,i,i,,
rotate,-8,i,i,i,i,i,i,i,i,y,z,z,z,i,,
rotate,-8,i,i,i,i,i,i,i,i,x,z,z,z,i,,
rotate,-8,i,i,i,i,i,i,i,i,z,i,i,i,i,,
rotate,-8,i,i,i,i,i,i,i,i,y,z,z,z,i,,
rotate,-8,i,i,i,i,i,i,i,i,x,z,z,z,i,,
rotate,-8,i,i,i,i,i,i,i,i,z,i,i,i,i,,
rotate,-8,i,i,i,i,i,i,i,i,x,z,z,z,i,,
rotate,-8,i,i,i,i,i,i,i,i,z,i,i,i,i,,
rotate,-8,i,i,i,i,i,i,i,i,x,z,z,z,i,,
rotate,-8,i,i,i,i,i,i,i,i,z,i,i,i,i,,
rotate,-8,i,i,i,i,i,i,i,i,x,z,z,z,i,,
rotate,-8,i,i,i,i,i,i,i,i,z,i,i,i,i,,
rotate,-8,i,i,i,i,i,i,i,i,x,z,z,z,i,,
rotate,-8,i,i,i,i,i,i,i,i,z,i,i,i,i,,
rotate,-8,i,i,i,i,i,i,i,i,y,z,z,z,i,,
rotate,-8,i,i,i,i,i,i,i,i,z,i,i,i,i,,
rotate,8,i,i,i,i,i,i,i,i,y,z,z,z,i,,
rotate,8,i,i,i,i,i,i,i,i,x,z,z,z,i,,
rotate,-8,i,i,i,i,i,i,i,i,z,i,i,i,i,,
rotate,8,i,i,i,i,i,i,i,i,y,z,z,z,i,,
rotate,-8,i,i,i,i,i,i,i,i,z,i,i,i,i,,
rotate,-8,i,i,i,i,i,i,i,i,x,z,z,z,i,,
rotate,8,i,i,i,i,i,i,i,i,y,z,z,z,i,,
rotate,-8,i,i,i,i,i,i,i,i,x,z,z,z,i,,
rotate,8,i,i,i,i,i,i,i,i,z,i,i,i,i,,
rotate,-8,i,i,i,i,i,i,i,i,x,z,z,z,i,,
rotate,-8,i,i,i,i,i,i,i,i,y,z,z,z,i,,
rotate,-8,i,i,i,i,i,i,i,i,x,z,z,z,i,,
rotate,-8,i,i,i,i,i,i,i,i,y,z,z,z,i,,
rotate,-8,i,i,i,i,i,i,i,i,x,z,z,z,i,,
rotate,-8,i,i,i,i,i,i,i,i,z,i,i,i,i,,
rotate,-8,i,i,i,i,i,i,i,i,x,z,z,z,i,,
rotate,-8,i,i,i,i,i,i,i,i,z,i,i,i,i,,
rotate,-8,i,i,i,i,i,i,i,i,x,z,z,z,i,,
rotate,-8,i,i,i,i,i,i,i,i,z,i,i,i,i,,
rotate,-8,i,i,i,i,i,i,i,i,y,z,z,z,i,,
rotate,-8,i,i,i,i,i,i,i,i,x,z,z,z,i,,
rotate,-8,i,i,i,i,i,i,i,i,y,z,z,z,i,,
rotate,-8,i,i,i,i,i,i,i,i,x,z,z,z,i,,
rotate,-8,i,i,i,i,i,i,i,i,y,z,z,z,i,,
rotate,-8,i,i,i,i,i,i,i,i,x,z,z,z,i,,
rotate,-8,i,i,i,i,i,i,i,i,z,i,i,i,i,,
rotate,-8,i,i,i,i,i,i,i,i,y,z,z,z,i,,
rotate,-8,i,i,i,i,i,i,i,i,x,z,z,z,i,,
rotate,-8,i,i,i,i,i,i,i,i,y,z,z,z,i,,
rotate,-8,i,i,i,i,i,i,i,i,x,z,z,z,i,,
rotate,-8,i,i,i,i,i,i,i,i,z,i,i,i,i,,
rotate,-8,i,i,i,i,i,i,i,i,z,i,i,i,i,,
rotate,8,i,i,i,i,i,i,i,i,y,z,z,z,i,,
rotate,-8,i,i,i,i,i,i,i,i,z,i,i,i,i,,
rotate,8,i,i,i,i,i,i,i,i,y,z,z,z,i,,
rotate,-8,i,i,i,i,i,i,i,i,z,i,i,i,i,,
rotate,-8,i,i,i,i,i,i,i,i,x,z,z,z,i,,
rotate,8,i,i,i,i,i,i,i,i,y,z,z,z,i,,
rotate,-8,i,i,i,i,i,i,i,i,x,z,z,z,i,,
rotate,8,i,i,i,i,i,i,i,i,y,z,z,z,i,,
rotate,-8,i,i,i,i,i,i,i,i,x,z,z,z,i,,
rotate,8,i,i,i,i,i,i,i,i,y,z,z,z,i,,
rotate,-8,i,i,i,i,i,i,i,i,x,z,z,z,i,,
rotate,8,i,i,i,i,i,i,i,i,z,i,i,i,i,,
rotate,8,i,i,i,i,i,i,i,i,y,z,z,z,i,,
rotate,8,i,i,i,i,i,i,i,i,z,i,i,i,i,,
rotate,8,i,i,i,i,i,i,i,i,x,z,z,z,i,,
rotate,8,i,i,i,i,i,i,i,i,z,i,i,i,i,,
rotate,8,i,i,i,i,i,i,i,i,x,z,z,z,i,,
rotate,8,i,i,i,i,i,i,i,i,y,z,z,z,i,,
rotate,8,i,i,i,i,i,i,i,i,z,i,i,i,i,,
rotate,8,i,i,i,i,i,i,i,i,x,z,z,z,i,,
rotate,8,i,i,i,i,i,i,i,i,y,z,z,z,i,,
rotate,8,i,i,i,i,i,i,i,i,z,i,i,i,i,,
rotate,8,i,i,i,i,i,i,i,i,y,z,z,z,i,,
rotate,8,i,i,i,i,i,i,i,i,z,i,i,i,i,,
rotate,8,i,i,i,i,i,i,i,i,y,z,z,z,i,,
rotate,8,i,i,i,i,i,i,i,i,z,i,i,i,i,,
rotate,8,i,i,i,i,i,i,i,i,y,z,z,z,i,,
rotate,8,i,i,i,i,i,i,i,i,z,i,i,i,i,,
rotate,8,i,i,i,i,i,i,i,i,y,z,z,z,i,,
rotate,8,i,i,i,i,i,i,i,i,z,i,i,i,i,,
rotate,8,i,i,i,i,i,i,i,i,x,z,z,z,i,,
rotate,-8,i,i,i,i,i,i,i,i,x,z,z,z,i,,
rotate,-8,i,i,i,i,i,i,i,i,z,i,i,i,i,,
rotate,-8,i,i,i,i,i,i,i,i,y,z,z,z,i,,
rotate,-8,i,i,i,i,i,i,i,i,z,i,i,i,i,,
rotate,-8,i,i,i,i,i,i,i,i,y,z,z,z,i,,
rotate,-8,i,i,i,i,i,i,i,i,x,z,z,z,i,,
rotate,-8,i,i,i,i,i,i,i,i,z,i,i,i,i,,
rotate,-8,i,i,i,i,i,i,i,i,y,z,z,z,i,,
rotate,-8,i,i,i,i,i,i,i,i,z,i,i,i,i,,
rotate,-8,i,i,i,i,i,i,i,i,y,z,z,z,i,,
rotate,-8,i,i,i,i,i,i,i,i,z,i,i,i,i,,
rotate,-8,i,i,i,i,i,i,i,i,y,z,z,z,i,,
rotate,-8,i,i,i,i,i,i,i,i,x,z,z,z,i,,
rotate,-8,i,i,i,i,i,i,i,i,z,i,i,i,i,,
rotate,-8,i,i,i,i,i,i,i,i,x,z,z,z,i,,
rotate,-8,i,i,i,i,i,i,i,i,z,i,i,i,i,,
rotate,-8,i,i,i,i,i,i,i,i,x,z,z,z,i,,
rotate,-8,i,i,i,i,i,i,i,i,z,i,i,i,i,,
rotate,-8,i,i,i,i,i,i,i,i,y,z,z,z,i,,
rotate,-8,i,i,i,i,i,i,i,i,z,i,i,i,i,,
rotate,-8,i,i,i,i,i,i,i,i,y,z,z,z,i,,
rotate,-8,i,i,i,i,i,i,i,i,z,i,i,i,i,,
rotate,8,i,i,i,i,i,i,i,i,x,z,z,z,i,,
rotate,-8,i,i,i,i,i,i,i,i,z,i,i,i,i,,
rotate,8,i,i,i,i,i,i,i,i,y,z,z,z,i,,
rotate,-8,i,i,i,i,i,i,i,i,z,i,i,i,i,,
rotate,-8,i,i,i,i,i,i,i,i,x,z,z,z,i,,
rotate,8,i,i,i,i,i,i,i,i,y,z,z,z,i,,
rotate,-8,i,i,i,i,i,i,i,i,x,z,z,z,i,,
rotate,8,i,i,i,i,i,i,i,i,z,i,i,i,i,,
rotate,8,i,i,i,i,i,i,i,i,y,z,z,z,i,,
rotate,-8,i,i,i,i,i,i,i,i,x,z,z,z,i,,
rotate,-8,i,i,i,i,i,i,i,i,y,z,z,z,z,,
rotate,-8,i,i,i,i,i,i,i,i,x,z,z,z,i,,
rotate,-8,i,i,i,i,i,i,i,i,z,i,i,i,z,,
rotate,-8,i,i,i,i,i,i,i,i,x,z,z,z,i,,
rotate,-8,i,i,i,i,i,i,i,i,z,i,i,i,z,,
rotate,-8,i,i,i,i,i,i,i,i,x,z,z,z,i,,
rotate,-8,i,i,i,i,i,i,i,i,z,i,i,i,z,,
rotate,-8,i,i,i,i,i,i,i,i,x,z,z,z,i,,
rotate,-8,i,i,i,i,i,i,i,i,z,i,i,i,z,,
rotate,-8,i,i,i,i,i,i,i,i,x,z,z,z,i,,
rotate,-8,i,i,i,i,i,i,i,i,z,i,i,i,z,,
rotate,-8,i,i,i,i,i,i,i,i,y,z,z,z,z,,
rotate,-8,i,i,i,i,i,i,i,i,x,z,z,z,i,,
rotate,-8,i,i,i,i,i,i,i,i,z,i,i,i,z,,
rotate,-8,i,i,i,i,i,i,i,i,y,z,z,z,z,,
rotate,-8,i,i,i,i,i,i,i,i,x,z,z,z,i,,
rotate,-8,i,i,i,i,i,i,i,i,y,z,z,z,z,,
rotate,-8,i,i,i,i,i,i,i,i,x,z,z,z,i,,
rotate,-8,i,i,i,i,i,i,i,i,z,i,i,i,z,,
rotate,-8,i,i,i,i,i,i,i,i,x,z,z,z,i,,
rotate,8,i,i,i,i,i,i,i,i,y,z,z,z,z,,
rotate,-8,i,i,i,i,i,i,i,i,z,i,i,i,z,,
rotate,8,i,i,i,i,i,i,i,i,y,z,z,z,z,,
rotate,-8,i,i,i,i,i,i,i,i,z,i,i,i,z,,
rotate,8,i,i,i,i,i,i,i,i,y,z,z,z,z,,
rotate,-8,i,i,i,i,i,i,i,i,z,i,i,i,z,,
rotate,8,i,i,i,i,i,i,i,i,y,z,z,z,z,,
rotate,8,i,i,i,i,i,i,i,i,x,z,z,z,i,,
rotate,-8,i,i,i,i,i,i,i,i,z,i,i,i,z,,
rotate,8,i,i,i,i,i,i,i,i,x,z,z,z,i,,
rotate,-8,i,i,i,i,i,i,i,i,z,i,i,i,z,,
rotate,8,i,i,i,i,i,i,i,i,x,z,z,z,i,,
rotate,8,i,i,i,i,i,i,i,i,y,z,z,z,z,,
rotate,-8,i,i,i,i,i,i,i,i,x,z,z,z,i,,
rotate,8,i,i,i,i,i,i,i,i,y,z,z,z,z,,
rotate,-8,i,i,i,i,i,i,i,i,z,z,i,i,z,,
rotate,8,i,i,i,i,i,i,i,i,y,z,z,z,z,,
rotate,8,i,i,i,i,i,i,i,i,x,z,z,z,i,,
rotate,8,i,i,i,i,i,i,i,i,y,z,z,z,z,,
rotate,8,i,i,i,i,i,i,i,i,x,z,z,z,i,,
rotate,8,i,i,i,i,i,i,i,i,y,z,z,z,z,,
rotate,8,i,i,i,i,i,i,i,i,x,z,z,z,i,,
rotate,8,i,i,i,i,i,i,i,i,y,z,z,z,z,,
rotate,8,i,i,i,i,i,i,i,i,z,z,i,i,z,,
rotate,8,i,i,i,i,i,i,i,i,y,z,z,z,z,,
rotate,-8,i,i,i,i,i,i,i,i,x,z,z,z,i,,
rotate,8,i,i,i,i,i,i,i,i,z,z,i,i,z,,
rotate,8,i,i,i,i,i,i,i,i,y,z,z,z,z,,
rotate,-8,i,i,i,i,i,i,i,i,x,z,z,z,i,,
rotate,8,i,i,i,i,i,i,i,i,y,z,z,z,z,,
rotate,-8,i,i,i,i,i,i,i,i,z,z,i,i,z,,
rotate,8,i,i,i,i,i,i,i,i,y,z,z,z,z,,
rotate,-8,i,i,i,i,i,i,i,i,z,z,i,i,z,,
rotate,8,i,i,i,i,i,i,i,i,y,z,z,z,z,,
rotate,-8,i,i,i,i,i,i,i,i,z,z,i,i,z,,
rotate,8,i,i,i,i,i,i,i,i,y,z,z,z,z,,
rotate,-8,i,i,i,i,i,i,i,i,z,z,i,i,z,,
rotate,8,i,i,i,i,i,i,i,i,y,z,z,z,z,,
rotate,8,i,i,i,i,i,i,i,i,x,z,z,z,i,,
rotate,-8,i,i,i,i,i,i,i,i,z,z,i,i,z,,
rotate,8,i,i,i,i,i,i,i,i,y,z,z,z,z,,
rotate,8,i,i,i,i,i,i,i,i,x,z,z,z,i,,
rotate,8,i,i,i,i,i,i,i,i,y,z,z,z,z,,
rotate,8,i,i,i,i,i,i,i,i,x,z,z,z,i,,
rotate,-8,i,i,i,i,i,i,i,i,x,z,z,z,i,,
rotate,-8,i,i,i,i,i,i,i,i,y,z,z,z,z,,
rotate,8,i,i,i,i,i,i,i,i,z,z,z,i,z,,
rotate,-8,i,i,i,i,i,i,i,i,y,z,z,z,z,,
rotate,8,i,i,i,i,i,i,i,i,z,z,z,i,z,,
rotate,-8,i,i,i,i,i,i,i,i,y,z,z,z,z,,
rotate,8,i,i,i,i,i,i,i,i,z,z,z,i,z,,
rotate,-8,i,i,i,i,i,i,i,i,y,z,z,z,z,,
rotate,8,i,i,i,i,i,i,i,i,z,z,z,i,z,,
rotate,-8,i,i,i,i,i,i,i,i,y,z,z,z,z,,
rotate,8,i,i,i,i,i,i,i,i,z,z,z,i,z,,
rotate,-8,i,i,i,i,i,i,i,i,x,z,z,z,i,,
rotate,-8,i,i,i,i,i,i,i,i,y,z,z,z,z,,
rotate,8,i,i,i,i,i,i,i,i,z,z,z,i,z,,
rotate,-8,i,i,i,i,i,i,i,i,x,z,z,z,i,,
rotate,-8,i,i,i,i,i,i,i,i,y,z,z,z,z,,
rotate,-8,i,i,i,i,i,i,i,i,x,z,z,z,i,,
rotate,-8,i,i,i,i,i,i,i,i,y,z,z,z,z,,
rotate,8,i,i,i,i,i,i,i,i,z,z,z,i,z,,
rotate,-8,i,i,i,i,i,i,i,i,y,z,z,z,z,,
rotate,8,i,i,i,i,i,i,i,i,x,z,z,z,i,,
rotate,8,i,i,i,i,i,i,i,i,z,z,z,i,z,,
rotate,8,i,i,i,i,i,i,i,i,x,z,z,z,i,,
rotate,8,i,i,i,i,i,i,i,i,z,z,z,i,z,,
rotate,8,i,i,i,i,i,i,i,i,x,z,z,z,i,,
rotate,8,i,i,i,i,i,i,i,i,z,z,z,i,z,,
rotate,8,i,i,i,i,i,i,i,i,x,z,z,z,i,,
rotate,8,i,i,i,i,i,i,i,i,y,z,z,z,z,,
rotate,8,i,i,i,i,i,i,i,i,z,z,z,i,z,,
rotate,8,i,i,i,i,i,i,i,i,y,z,z,z,z,,
rotate,8,i,i,i,i,i,i,i,i,z,z,z,i,z,,
rotate,8,i,i,i,i,i,i,i,i,y,z,z,z,z,,
rotate,8,i,i,i,i,i,i,i,i,y,z,z,z,z,,
rotate,8,i,i,i,i,i,i,i,i,x,z,z,z,i,,
rotate,-8,i,i,i,i,i,i,i,i,z,z,z,i,z,,
rotate,8,i,i,i,i,i,i,i,i,y,z,z,z,z,,
rotate,8,i,i,i,i,i,i,i,i,x,z,z,z,i,,
rotate,8,i,i,i,i,i,i,i,i,y,z,z,z,z,,
rotate,8,i,i,i,i,i,i,i,i,x,z,z,z,i,,
rotate,-8,i,i,i,i,i,i,i,i,z,z,z,i,z,,
rotate,8,i,i,i,i,i,i,i,i,y,z,z,z,z,,
rotate,8,i,i,i,i,i,i,i,i,x,z,z,z,i,,
rotate,-8,i,i,i,i,i,i,i,i,z,z,z,i,z,,
rotate,8,i,i,i,i,i,i,i,i,y,z,z,z,z,,
rotate,8,i,i,i,i,i,i,i,i,x,z,z,z,i,,
rotate,-8,i,i,i,i,i,i,i,i,z,z,z,i,z,,
rotate,8,i,i,i,i,i,i,i,i,y,z,z,z,z,,
rotate,-8,i,i,i,i,i,i,i,i,z,z,z,i,z,,
rotate,-8,i,i,i,i,i,i,i,i,x,z,z,z,i,,
rotate,8,i,i,i,i,i,i,i,i,y,z,z,z,z,,
rotate,-8,i,i,i,i,i,i,i,i,z,z,z,i,z,,
rotate,-8,i,i,i,i,i,i,i,i,x,z,z,z,i,,
rotate,-8,i,i,i,i,i,i,i,i,z,z,z,i,z,,
rotate,-8,i,i,i,i,i,i,i,i,x,z,z,z,i,,
rotate,-8,i,i,i,i,i,i,i,i,z,z,z,i,z,,
rotate,-8,i,i,i,i,i,i,i,i,y,z,z,z,z,,
rotate,-8,i,i,i,i,i,i,i,i,x,z,z,z,i,,
rotate,-8,i,i,i,i,i,i,i,i,z,z,z,i,z,,
rotate,-8,i,i,i,i,i,i,i,i,x,z,z,z,i,,
rotate,-8,i,i,i,i,i,i,i,i,z,z,z,i,z,,
rotate,-8,i,i,i,i,i,i,i,i,y,z,z,z,z,,
rotate,-8,i,i,i,i,i,i,i,i,x,z,z,z,i,,
rotate,-8,i,i,i,i,i,i,i,i,z,z,z,i,z,,
rotate,-8,i,i,i,i,i,i,i,i,x,z,z,z,i,,
rotate,-8,i,i,i,i,i,i,i,i,x,z,z,z,i,,
rotate,-8,i,i,i,i,i,i,i,i,y,z,z,z,z,,
rotate,8,i,i,i,i,i,i,i,i,z,z,z,z,z,,
rotate,-8,i,i,i,i,i,i,i,i,x,z,z,z,i,,
rotate,-8,i,i,i,i,i,i,i,i,y,z,z,z,z,,
rotate,-8,i,i,i,i,i,i,i,i,x,z,z,z,i,,
rotate,-8,i,i,i,i,i,i,i,i,y,z,z,z,z,,
rotate,8,i,i,i,i,i,i,i,i,z,z,z,z,z,,
rotate,-8,i,i,i,i,i,i,i,i,x,z,z,z,i,,
rotate,-8,i,i,i,i,i,i,i,i,y,z,z,z,z,,
rotate,8,i,i,i,i,i,i,i,i,z,z,z,z,z,,
rotate,-8,i,i,i,i,i,i,i,i,x,z,z,z,i,,
rotate,-8,i,i,i,i,i,i,i,i,y,z,z,z,z,,
rotate,8,i,i,i,i,i,i,i,i,z,z,z,z,z,,
rotate,-8,i,i,i,i,i,i,i,i,x,z,z,z,i,,
rotate,8,i,i,i,i,i,i,i,i,z,z,z,z,z,,
rotate,8,i,i,i,i,i,i,i,i,y,z,z,z,z,,
rotate,-8,i,i,i,i,i,i,i,i,x,z,z,z,i,,
rotate,8,i,i,i,i,i,i,i,i,z,z,z,z,z,,
rotate,8,i,i,i,i,i,i,i,i,y,z,z,z,z,,
rotate,8,i,i,i,i,i,i,i,i,z,z,z,z,z,,
rotate,8,i,i,i,i,i,i,i,i,y,z,z,z,z,,
rotate,8,i,i,i,i,i,i,i,i,z,z,z,z,z,,
rotate,8,i,i,i,i,i,i,i,i,x,z,z,z,i,,
rotate,8,i,i,i,i,i,i,i,i,y,z,z,z,z,,
rotate,8,i,i,i,i,i,i,i,i,z,z,z,z,z,,
rotate,8,i,i,i,i,i,i,i,i,y,z,z,z,z,,
rotate,8,i,i,i,i,i,i,i,i,z,z,z,z,z,,
rotate,8,i,i,i,i,i,i,i,i,x,z,z,z,i,,
rotate,8,i,i,i,i,i,i,i,i,y,z,z,z,z,,
rotate,8,i,i,i,i,i,i,i,i,z,z,z,z,z,,
rotate,8,i,i,i,i,i,i,i,i,y,z,z,z,z,,
rotate,-8,i,i,i,i,i,i,i,i,y,z,z,z,z,,
rotate,-8,i,i,i,i,i,i,i,i,z,z,z,z,z,,
rotate,-8,i,i,i,i,i,i,i,i,y,z,z,z,z,,
rotate,-8,i,i,i,i,i,i,i,i,x,z,z,z,i,,
rotate,-8,i,i,i,i,i,i,i,i,z,z,z,z,z,,
rotate,-8,i,i,i,i,i,i,i,i,y,z,z,z,z,,
rotate,-8,i,i,i,i,i,i,i,i,z,z,z,z,z,,
rotate,-8,i,i,i,i,i,i,i,i,y,z,z,z,z,,
rotate,-8,i,i,i,i,i,i,i,i,x,z,z,z,i,,
rotate,-8,i,i,i,i,i,i,i,i,z,z,z,z,z,,
rotate,-8,i,i,i,i,i,i,i,i,y,z,z,z,z,,
rotate,-8,i,i,i,i,i,i,i,i,z,z,z,z,z,,
rotate,-8,i,i,i,i,i,i,i,i,y,z,z,z,z,,
rotate,-8,i,i,i,i,i,i,i,i,z,z,z,z,z,,
rotate,8,i,i,i,i,i,i,i,i,x,z,z,z,i,,
rotate,-8,i,i,i,i,i,i,i,i,y,z,z,z,z,,
rotate,-8,i,i,i,i,i,i,i,i,z,z,z,z,z,,
rotate,8,i,i,i,i,i,i,i,i,x,z,z,z,i,,
rotate,-8,i,i,i,i,i,i,i,i,z,z,z,z,z,,
rotate,8,i,i,i,i,i,i,i,i,y,z,z,z,z,,
rotate,8,i,i,i,i,i,i,i,i,x,z,z,z,i,,
rotate,-8,i,i,i,i,i,i,i,i,z,z,z,z,z,,
rotate,8,i,i,i,i,i,i,i,i,y,z,z,z,z,,
rotate,8,i,i,i,i,i,i,i,i,x,z,z,z,i,,
rotate,-8,i,i,i,i,i,i,i,i,z,z,z,z,z,,
rotate,8,i,i,i,i,i,i,i,i,y,z,z,z,z,,
rotate,8,i,i,i,i,i,i,i,i,x,z,z,z,i,,
rotate,8,i,i,i,i,i,i,i,i,y,z,z,z,z,,
rotate,8,i,i,i,i,i,i,i,i,x,z,z,z,i,,
rotate,-8,i,i,i,i,i,i,i,i,z,z,z,z,z,,
rotate,8,i,i,i,i,i,i,i,i,y,z,z,z,z,,
rotate,8,i,i,i,i,i,i,i,i,x,z,z,z,i,,
rotate,8,i,i,i,i,i,i,i,i,x,z,z,z,i,,
rotate,8,i,i,i,i,i,i,i,i,z,z,z,z,z,,
rotate,8,i,i,i,i,i,i,i,i,x,z,z,z,i,,
rotate,8,i,i,i,i,i,i,i,i,y,z,z,z,z,,
rotate,8,i,i,i,i,i,i,i,i,z,z,z,z,z,,
rotate,8,i,i,i,i,i,i,i,i,x,z,z,z,i,,
rotate,8,i,i,i,i,i,i,i,i,z,z,z,z,z,,
rotate,8,i,i,i,i,i,i,i,i,x,z,z,z,i,,
rotate,8,i,i,i,i,i,i,i,i,y,z,z,z,z,,
rotate,8,i,i,i,i,i,i,i,i,z,z,z,z,z,,
rotate,8,i,i,i,i,i,i,i,i,x,z,z,z,i,,
rotate,8,i,i,i,i,i,i,i,i,z,z,z,z,z,,
rotate,8,i,i,i,i,i,i,i,i,x,z,z,z,i,,
rotate,8,i,i,i,i,i,i,i,i,z,z,z,z,z,,
rotate,-8,i,i,i,i,i,i,i,i,y,z,z,z,z,,
rotate,8,i,i,i,i,i,i,i,i,x,z,z,z,i,,
rotate,8,i,i,i,i,i,i,i,i,z,z,z,z,z,,
rotate,-8,i,i,i,i,i,i,i,i,y,z,z,z,z,,
rotate,8,i,i,i,i,i,i,i,i,z,z,z,z,z,,
rotate,-8,i,i,i,i,i,i,i,i,x,z,z,z,i,,
rotate,-8,i,i,i,i,i,i,i,i,y,z,z,z,z,,
rotate,8,i,i,i,i,i,i,i,i,z,z,z,z,z,,
rotate,-8,i,i,i,i,i,i,i,i,x,z,z,z,i,,
rotate,-8,i,i,i,i,i,i,i,i,y,z,z,z,z,,
rotate,8,i,i,i,i,i,i,i,i,z,z,z,z,z,,
rotate,-8,i,i,i,i,i,i,i,i,x,z,z,z,i,,
rotate,-8,i,i,i,i,i,i,i,i,y,z,z,z,z,,
rotate,-8,i,i,i,i,i,i,i,i,x,z,z,z,i,,
rotate,-8,i,i,i,i,i,i,i,i,y,z,z,z,z,,
rotate,8,i,i,i,i,i,i,i,i,z,z,z,z,z,,
rotate,-8,i,i,i,i,i,i,i,i,x,z,z,z,i,,
rotate,-8,i,i,i,i,i,i,i,i,y,z,z,z,z,,
rotate,8,i,i,i,i,i,i,i,i,x,z,z,z,i,,
rotate,-8,i,i,i,i,i,i,i,i,y,z,z,z,z,,
rotate,8,i,i,i,i,i,i,i,i,x,z,z,z,i,,
rotate,-8,i,i,i,i,i,i,i,i,y,z,z,z,z,,
rotate,-8,i,i,i,i,i,i,i,i,z,z,z,z,z,,
rotate,8,i,i,i,i,i,i,i,i,x,z,z,z,i,,
rotate,-8,i,i,i,i,i,i,i,i,z,z,z,z,z,,
rotate,8,i,i,i,i,i,i,i,i,y,z,z,z,z,,
rotate,8,i,i,i,i,i,i,i,i,x,z,z,z,i,,
rotate,8,i,i,i,i,i,i,i,i,y,z,z,z,z,,
rotate,8,i,i,i,i,i,i,i,i,x,z,z,z,i,,
rotate,8,i,i,i,i,i,i,i,i,y,z,z,z,z,,
rotate,8,i,i,i,i,i,i,i,i,z,z,z,z,z,,
rotate,8,i,i,i,i,i,i,i,i,y,z,z,z,z,,
rotate,-8,i,i,i,i,i,i,i,i,x,z,z,z,i,,
rotate,8,i,i,i,i,i,i,i,i,y,z,z,z,z,,
rotate,-8,i,i,i,i,i,i,i,i,x,z,z,z,i,,
rotate,8,i,i,i,i,i,i,i,i,z,z,z,z,z,,
rotate,8,i,i,i,i,i,i,i,i,y,z,z,z,z,,
rotate,8,i,i,i,i,i,i,i,i,z,z,z,z,z,,
rotate,8,i,i,i,i,i,i,i,i,y,z,z,z,z,,
rotate,8,i,i,i,i,i,i,i,i,z,z,z,z,z,,
rotate,8,i,i,i,i,i,i,i,i,y,z,z,z,z,,
rotate,-8,i,i,i,i,i,i,i,i,x,z,z,z,i,,
rotate,8,i,i,i,i,i,i,i,i,z,z,z,z,z,,
rotate,-8,i,i,i,i,i,i,i,i,x,z,z,z,i,,
rotate,8,i,i,i,i,i,i,i,i,z,z,z,z,z,,
rotate,-8,i,i,i,i,i,i,i,i,x,z,z,z,i,,
rotate,-8,i,i,i,i,i,i,i,i,y,z,z,z,z,,
rotate,8,i,i,i,i,i,i,i,i,z,z,z,z,z,,
rotate,-8,i,i,i,i,i,i,i,i,x,z,z,z,i,,
rotate,-8,i,i,i,i,i,i,i,i,y,z,z,z,z,,
rotate,8,i,i,i,i,i,i,i,z,i,i,i,i,i,,
rotate,8,i,i,i,i,i,i,i,x,x,z,z,z,i,,
rotate,8,i,i,i,i,i,i,i,z,i,i,i,i,i,,
rotate,8,i,i,i,i,i,i,i,x,x,z,z,z,i,,
rotate,8,i,i,i,i,i,i,i,z,i,i,i,i,i,,
rotate,-8,i,i,i,i,i,i,i,y,x,z,z,z,i,,
rotate,8,i,i,i,i,i,i,i,x,x,z,z,z,i,,
rotate,-8,i,i,i,i,i,i,i,y,x,z,z,z,i,,
rotate,-8,i,i,i,i,i,i,i,z,i,i,i,i,i,,
rotate,8,i,i,i,i,i,i,i,x,x,z,z,z,i,,
rotate,-8,i,i,i,i,i,i,i,z,i,i,i,i,i,,
rotate,8,i,i,i,i,i,i,i,x,x,z,z,z,i,,
rotate,-8,i,i,i,i,i,i,i,z,i,i,i,i,i,,
rotate,8,i,i,i,i,i,i,i,x,x,z,z,z,i,,
rotate,-8,i,i,i,i,i,i,i,y,x,z,z,z,i,,
rotate,-8,i,i,i,i,i,i,i,z,i,i,i,i,i,,
rotate,-8,i,i,i,i,i,i,i,y,x,z,z,z,i,,
rotate,-8,i,i,i,i,i,i,i,x,x,z,z,z,i,,
rotate,-8,i,i,i,i,i,i,i,z,i,i,i,i,i,,
rotate,-8,i,i,i,i,i,i,i,x,x,z,z,z,i,,
rotate,-8,i,i,i,i,i,i,i,z,i,i,i,i,i,,
rotate,-8,i,i,i,i,i,i,i,x,x,z,z,z,i,,
rotate,-8,i,i,i,i,i,i,i,y,x,z,z,z,i,,
rotate,8,i,i,i,i,i,i,i,x,x,z,z,z,i,,
rotate,-8,i,i,i,i,i,i,i,y,x,z,z,z,i,,
rotate,-8,i,i,i,i,i,i,i,z,i,z,i,i,i,,
rotate,8,i,i,i,i,i,i,i,x,x,z,z,z,i,,
rotate,-8,i,i,i,i,i,i,i,y,x,z,z,z,i,,
rotate,8,i,i,i,i,i,i,i,x,x,z,z,z,i,,
rotate,8,i,i,i,i,i,i,i,z,i,z,i,i,i,,
rotate,-8,i,i,i,i,i,i,i,y,x,z,z,z,i,,
rotate,8,i,i,i,i,i,i,i,z,i,z,i,i,i,,
rotate,-8,i,i,i,i,i,i,i,x,x,z,z,z,i,,
rotate,8,i,i,i,i,i,i,i,z,i,z,i,i,i,,
rotate,8,i,i,i,i,i,i,i,y,x,z,z,z,i,,
rotate,-8,i,i,i,i,i,i,i,x,x,z,z,z,i,,
rotate,8,i,i,i,i,i,i,i,z,i,z,i,i,i,,
rotate,-8,i,i,i,i,i,i,i,x,x,z,z,z,i,,
rotate,-8,i,i,i,i,i,i,i,y,x,z,z,z,i,,
rotate,8,i,i,i,i,i,i,i,z,i,z,i,i,i,,
rotate,-8,i,i,i,i,i,i,i,y,x,z,z,z,i,,
rotate,8,i,i,i,i,i,i,i,x,x,z,z,z,i,,
rotate,-8,i,i,i,i,i,i,i,y,x,z,z,z,i,,
rotate,-8,i,i,i,i,i,i,i,z,i,z,i,i,i,,
rotate,8,i,i,i,i,i,i,i,z,x,z,z,z,i,,
rotate,-8,i,i,i,i,i,i,i,y,x,z,z,z,i,,
rotate,-8,i,i,i,i,i,i,i,x,x,z,z,z,i,,
rotate,-8,i,i,i,i,i,i,i,y,x,z,z,z,i,,
rotate,-8,i,i,i,i,i,i,i,z,x,z,z,z,i,,
rotate,-8,i,i,i,i,i,i,i,y,x,z,z,z,i,,
rotate,8,i,i,i,i,i,i,i,x,x,z,z,z,i,,
rotate,-8,i,i,i,i,i,i,i,z,x,z,z,z,i,,
rotate,8,i,i,i,i,i,i,i,x,x,z,z,z,i,,
rotate,8,i,i,i,i,i,i,i,y,x,z,z,z,i,,
rotate,-8,i,i,i,i,i,i,i,z,x,z,z,z,i,,
rotate,8,i,i,i,i,i,i,i,x,x,z,z,z,i,,
rotate,-8,i,i,i,i,i,i,i,z,x,z,z,z,i,,
rotate,-8,i,i,i,i,i,i,i,y,x,z,z,z,i,,
rotate,-8,i,i,i,i,i,i,i,z,x,z,z,z,i,,
rotate,-8,i,i,i,i,i,i,i,x,x,z,z,z,i,,
rotate,-8,i,i,i,i,i,i,i,y,x,z,z,z,i,,
rotate,-8,i,i,i,i,i,i,i,x,x,z,z,z,i,,
rotate,8,i,i,i,i,i,i,i,z,x,z,z,z,i,,
rotate,-8,i,i,i,i,i,i,i,y,x,z,z,z,i,,
rotate,-8,i,i,i,i,i,i,i,x,x,z,z,z,i,,
rotate,-8,i,i,i,i,i,i,i,y,x,z,z,z,i,,
rotate,8,i,i,i,i,i,i,i,x,x,z,z,z,i,,
rotate,-8,i,i,i,i,i,i,i,z,x,z,z,z,i,,
rotate,-8,i,i,i,i,i,i,i,y,x,z,z,z,i,,
rotate,8,i,i,i,i,i,i,i,x,x,z,z,z,i,,
rotate,-8,i,i,i,i,i,i,i,y,x,z,z,z,i,,
rotate,8,i,i,i,i,i,i,i,x,x,z,z,z,i,,
rotate,-8,i,i,i,i,i,i,i,y,x,z,z,z,i,,
rotate,8,i,i,i,i,i,i,i,x,x,z,z,z,i,,
rotate,-8,i,i,i,i,i,i,i,y,x,z,z,z,i,,
rotate,8,i,i,i,i,i,i,i,x,x,z,z,z,i,,
rotate,-8,i,i,i,i,i,i,i,y,x,z,z,z,i,,
rotate,8,i,i,i,i,i,i,i,z,x,z,z,z,i,,
rotate,8,i,i,i,i,i,i,i,x,x,z,z,z,i,,
rotate,8,i,i,i,i,i,i,i,z,x,z,z,z,i,,
rotate,8,i,i,i,i,i,i,i,x,x,z,z,z,i,,
rotate,8,i,i,i,i,i,i,i,z,x,z,z,z,i,,
rotate,8,i,i,i,i,i,i,i,x,x,z,z,z,i,,
rotate,8,i,i,i,i,i,i,i,z,x,z,z,z,i,,
rotate,8,i,i,i,i,i,i,i,x,x,z,z,z,i,,
rotate,8,i,i,i,i,i,i,i,z,x,z,z,z,i,,
rotate,8,i,i,i,i,i,i,i,y,x,z,z,z,i,,
rotate,8,i,i,i,i,i,i,i,x,x,z,z,z,i,,
rotate,8,i,i,i,i,i,i,i,x,x,z,z,z,i,,
rotate,8,i,i,i,i,i,i,i,y,x,z,z,z,i,,
rotate,8,i,i,i,i,i,i,i,x,x,z,z,z,i,,
rotate,8,i,i,i,i,i,i,i,y,x,z,z,z,i,,
rotate,8,i,i,i,i,i,i,i,x,x,z,z,z,i,,
rotate,8,i,i,i,i,i,i,i,z,x,z,z,z,i,,
rotate,8,i,i,i,i,i,i,i,y,x,z,z,z,i,,
rotate,8,i,i,i,i,i,i,i,z,x,z,z,z,i,,
rotate,-8,i,i,i,i,i,i,i,x,x,z,z,z,i,,
rotate,8,i,i,i,i,i,i,i,y,x,z,z,z,i,,
rotate,-8,i,i,i,i,i,i,i,x,x,z,z,z,i,,
rotate,8,i,i,i,i,i,i,i,y,x,z,z,z,i,,
rotate,-8,i,i,i,i,i,i,i,x,x,z,z,z,i,,
rotate,8,i,i,i,i,i,i,i,y,x,z,z,z,i,,
rotate,8,i,i,i,i,i,i,i,z,x,z,z,z,i,,
rotate,-8,i,i,i,i,i,i,i,x,x,z,z,z,i,,
rotate,8,i,i,i,i,i,i,i,z,x,z,z,z,i,,
rotate,-8,i,i,i,i,i,i,i,y,x,z,z,z,i,,
rotate,-8,i,i,i,i,i,i,i,x,x,z,z,z,i,,
rotate,-8,i,i,i,i,i,i,i,y,x,z,z,z,i,,
rotate,-8,i,i,i,i,i,i,i,x,x,z,z,z,i,,
rotate,-8,i,i,i,i,i,i,i,y,x,z,z,z,i,,
rotate,8,i,i,i,i,i,i,i,z,x,z,z,z,i,,
rotate,8,i,i,i,i,i,i,i,y,x,z,z,z,i,,
rotate,8,i,i,i,i,i,i,i,z,x,z,z,z,i,,
rotate,-8,i,i,i,i,i,i,i,x,x,z,z,z,i,,
rotate,8,i,i,i,i,i,i,i,y,x,z,z,z,i,,
rotate,8,i,i,i,i,i,i,i,z,x,z,z,z,i,,
rotate,8,i,i,i,i,i,i,i,y,x,z,z,z,i,,
rotate,8,i,i,i,i,i,i,i,x,x,z,z,z,i,,
rotate,8,i,i,i,i,i,i,i,z,x,z,z,z,i,,
rotate,8,i,i,i,i,i,i,i,x,x,z,z,z,i,,
rotate,-8,i,i,i,i,i,i,i,y,x,z,z,z,i,,
rotate,8,i,i,i,i,i,i,i,x,x,z,z,z,i,,
rotate,-8,i,i,i,i,i,i,i,z,x,z,z,z,i,,
rotate,-8,i,i,i,i,i,i,i,y,x,z,z,z,i,,
rotate,8,i,i,i,i,i,i,i,x,x,z,z,z,i,,
rotate,-8,i,i,i,i,i,i,i,y,x,z,z,z,i,,
rotate,8,i,i,i,i,i,i,i,z,x,z,z,z,i,,
rotate,8,i,i,i,i,i,i,i,x,x,z,z,z,i,,
rotate,8,i,i,i,i,i,i,i,z,x,z,z,z,i,,
rotate,8,i,i,i,i,i,i,i,y,x,z,z,z,i,,
rotate,8,i,i,i,i,i,i,i,z,x,z,z,z,i,,
rotate,-8,i,i,i,i,i,i,i,x,x,z,z,z,i,,
rotate,-8,i,i,i,i,i,i,i,x,x,z,z,z,i,,
rotate,8,i,i,i,i,i,i,i,z,x,z,z,z,i,,
rotate,-8,i,i,i,i,i,i,i,y,x,z,z,z,i,,
rotate,8,i,i,i,i,i,i,i,z,x,z,z,z,i,,
rotate,8,i,i,i,i,i,i,i,x,x,z,z,z,i,,
rotate,8,i,i,i,i,i,i,i,z,x,z,z,z,i,,
rotate,8,i,i,i,i,i,i,i,y,x,z,z,z,i,,
rotate,8,i,i,i,i,i,i,i,x,x,z,z,z,i,,
rotate,8,i,i,i,i,i,i,i,y,x,z,z,z,i,,
rotate,-8,i,i,i,i,i,i,i,z,x,z,z,z,i,,
rotate,8,i,i,i,i,i,i,i,x,x,z,z,z,i,,
rotate,8,i,i,i,i,i,i,i,y,x,z,z,z,i,,
rotate,8,i,i,i,i,i,i,i,x,x,z,z,z,i,,
rotate,8,i,i,i,i,i,i,i,z,x,z,z,z,i,,
rotate,8,i,i,i,i,i,i,i,x,x,z,z,z,i,,
rotate,-8,i,i,i,i,i,i,i,y,x,z,z,z,i,,
rotate,8,i,i,i,i,i,i,i,z,x,z,z,z,i,,
rotate,-8,i,i,i,i,i,i,i,y,x,z,z,z,i,,
rotate,-8,i,i,i,i,i,i,i,x,x,z,z,z,i,,
rotate,8,i,i,i,i,i,i,i,z,x,z,z,z,i,,
rotate,-8,i,i,i,i,i,i,i,y,x,z,z,z,i,,
rotate,8,i,i,i,i,i,i,i,z,x,z,z,z,i,,
rotate,8,i,i,i,i,i,i,i,y,x,z,z,z,i,,
rotate,8,i,i,i,i,i,i,i,x,x,z,z,z,i,,
rotate,8,i,i,i,i,i,i,i,z,x,z,z,z,i,,
rotate,8,i,i,i,i,i,i,i,y,x,z,z,z,i,,
rotate,8,i,i,i,i,i,i,i,z,x,z,z,z,i,,
rotate,8,i,i,i,i,i,i,i,y,x,z,z,z,i,,
rotate,8,i,i,i,i,i,i,i,z,x,z,z,z,i,,
rotate,8,i,i,i,i,i,i,i,y,x,z,z,z,i,,
rotate,8,i,i,i,i,i,i,i,z,x,z,z,z,i,,
rotate,8,i,i,i,i,i,i,i,y,x,z,z,z,i,,
rotate,8,i,i,i,i,i,i,i,z,x,z,z,z,i,,
rotate,-8,i,i,i,i,i,i,i,x,x,z,z,z,i,,
rotate,8,i,i,i,i,i,i,i,y,x,z,z,z,i,,
rotate,-8,i,i,i,i,i,i,i,x,x,z,z,z,i,,
rotate,8,i,i,i,i,i,i,i,y,x,z,z,z,i,,
rotate,-8,i,i,i,i,i,i,i,x,x,z,z,z,i,,
rotate,8,i,i,i,i,i,i,i,y,x,z,z,z,i,,
rotate,-8,i,i,i,i,i,i,i,x,x,z,z,z,i,,
rotate,8,i,i,i,i,i,i,i,y,x,z,z,z,i,,
rotate,-8,i,i,i,i,i,i,i,x,x,z,z,z,i,,
rotate,-8,i,i,i,i,i,i,i,z,x,z,z,z,i,,
rotate,8,i,i,i,i,i,i,i,y,x,z,z,z,i,,
rotate,8,i,i,i,i,i,i,i,y,x,z,z,z,i,,
rotate,-8,i,i,i,i,i,i,i,z,x,z,z,z,i,,
rotate,8,i,i,i,i,i,i,i,y,x,z,z,z,i,,
rotate,-8,i,i,i,i,i,i,i,z,x,z,z,z,i,,
rotate,8,i,i,i,i,i,i,i,y,x,z,z,z,i,,
rotate,-8,i,i,i,i,i,i,i,x,x,z,z,z,i,,
rotate,-8,i,i,i,i,i,i,i,z,x,z,z,z,i,,
rotate,-8,i,i,i,i,i,i,i,x,x,z,z,z,i,,
rotate,-8,i,i,i,i,i,i,i,y,x,z,z,z,i,,
rotate,-8,i,i,i,i,i,i,i,z,x,z,z,z,i,,
rotate,-8,i,i,i,i,i,i,i,y,x,z,z,z,i,,
rotate,-8,i,i,i,i,i,i,i,z,x,z,z,z,i,,
rotate,-8,i,i,i,i,i,i,i,y,x,z,z,z,i,,
rotate,-8,i,i,i,i,i,i,i,z,x,z,z,z,i,,
rotate,-8,i,i,i,i,i,i,i,x,x,z,z,z,i,,
rotate,-8,i,i,i,i,i,i,i,y,x,z,z,z,i,,
rotate,-8,i,i,i,i,i,i,i,x,x,z,z,z,i,,
rotate,8,i,i,i,i,i,i,i,z,x,z,z,z,i,,
rotate,-8,i,i,i,i,i,i,i,y,x,z,z,z,i,,
rotate,8,i,i,i,i,i,i,i,z,x,z,z,z,i,,
rotate,-8,i,i,i,i,i,i,i,y,x,z,z,z,i,,
rotate,8,i,i,i,i,i,i,i,z,x,z,z,z,i,,
rotate,-8,i,i,i,i,i,i,i,x,x,z,z,z,i,,
rotate,-8,i,i,i,i,i,i,i,z,x,z,z,z,i,,
rotate,-8,i,i,i,i,i,i,i,x,x,z,z,z,i,,
rotate,-8,i,i,i,i,i,i,i,y,x,z,z,z,i,,
rotate,-8,i,i,i,i,i,i,i,z,x,z,z,z,i,,
rotate,-8,i,i,i,i,i,i,i,x,x,z,z,z,i,,
rotate,-8,i,i,i,i,i,i,i,z,x,z,z,z,i,,
rotate,8,i,i,i,i,i,i,i,y,x,z,z,z,i,,
rotate,-8,i,i,i,i,i,i,i,x,x,z,z,z,i,,
rotate,8,i,i,i,i,i,i,i,y,x,z,z,z,i,,
rotate,8,i,i,i,i,i,i,i,z,x,z,z,z,i,,
rotate,8,i,i,i,i,i,i,i,y,x,z,z,z,i,,
rotate,8,i,i,i,i,i,i,i,x,x,z,z,z,i,,
rotate,8,i,i,i,i,i,i,i,z,x,z,z,z,i,,
rotate,8,i,i,i,i,i,i,i,y,x,z,z,z,i,,
rotate,8,i,i,i,i,i,i,i,z,x,z,z,z,i,,
rotate,-8,i,i,i,i,i,i,i,x,x,z,z,z,i,,
rotate,8,i,i,i,i,i,i,i,y,x,z,z,z,i,,
rotate,-8,i,i,i,i,i,i,i,x,x,z,z,z,i,,
rotate,-8,i,i,i,i,i,i,i,z,x,z,z,z,i,,
rotate,-8,i,i,i,i,i,i,i,x,x,z,z,z,i,,
rotate,-8,i,i,i,i,i,i,i,y,x,z,z,z,i,,
rotate,-8,i,i,i,i,i,i,i,y,x,z,z,z,i,,
rotate,-8,i,i,i,i,i,i,i,x,x,z,z,z,i,,
rotate,8,i,i,i,i,i,i,i,z,x,z,z,z,i,,
rotate,-8,i,i,i,i,i,i,i,x,x,z,z,z,i,,
rotate,8,i,i,i,i,i,i,i,y,x,z,z,z,i,,
rotate,-8,i,i,i,i,i,i,i,x,x,z,z,z,i,,
rotate,-8,i,i,i,i,i,i,i,z,x,z,z,z,i,,
rotate,8,i,i,i,i,i,i,i,y,x,z,z,z,i,,
rotate,-8,i,i,i,i,i,i,i,z,x,z,z,z,i,,
rotate,8,i,i,i,i,i,i,i,x,x,z,z,z,i,,
rotate,8,i,i,i,i,i,i,i,y,x,z,z,z,i,,
rotate,-8,i,i,i,i,i,i,i,z,x,z,z,z,i,,
rotate,8,i,i,i,i,i,i,i,y,x,z,z,z,i,,
rotate,-8,i,i,i,i,i,i,i,x,x,z,z,z,i,,
rotate,8,i,i,i,i,i,i,i,y,x,z,z,z,i,,
rotate,8,i,i,i,i,i,i,i,z,x,z,z,z,i,,
rotate,-8,i,i,i,i,i,i,i,x,x,z,z,z,i,,
rotate,8,i,i,i,i,i,i,i,z,x,z,z,z,i,,
rotate,-8,i,i,i,i,i,i,i,y,x,z,z,z,i,,
rotate,-8,i,i,i,i,i,i,i,x,x,z,z,z,i,,
rotate,8,i,i,i,i,i,i,i,z,x,z,z,z,i,,
rotate,-8,i,i,i,i,i,i,i,x,x,z,z,z,i,,
rotate,-8,i,i,i,i,i,i,i,z,x,z,z,z,i,,
rotate,8,i,i,i,i,i,i,i,y,x,z,z,z,i,,
rotate,-8,i,i,i,i,i,i,i,x,x,z,z,z,i,,
rotate,-8,i,i,i,i,i,i,i,z,x,z,z,z,i,,
rotate,-8,i,i,i,i,i,i,i,x,x,z,z,z,i,,
rotate,-8,i,i,i,i,i,i,i,z,x,z,z,z,i,,
rotate,-8,i,i,i,i,i,i,i,x,x,z,z,z,i,,
rotate,-8,i,i,i,i,i,i,i,z,x,z,z,z,i,,
rotate,-8,i,i,i,i,i,i,i,x,x,z,z,z,i,,
rotate,-8,i,i,i,i,i,i,i,z,x,z,z,z,i,,
rotate,-8,i,i,i,i,i,i,i,x,x,z,z,z,i,,
rotate,-8,i,i,i,i,i,i,i,y,x,z,z,z,i,,
rotate,-8,i,i,i,i,i,i,i,z,x,z,z,z,i,,
rotate,-8,i,i,i,i,i,i,i,y,x,z,z,z,i,,
rotate,-8,i,i,i,i,i,i,i,z,x,z,z,z,i,,
rotate,-8,i,i,i,i,i,i,i,y,x,z,z,z,i,,
rotate,-8,i,i,i,i,i,i,i,z,x,z,z,z,i,,
rotate,-8,i,i,i,i,i,i,i,y,x,z,z,z,i,,
rotate,-8,i,i,i,i,i,i,i,z,x,z,z,z,i,,
rotate,-8,i,i,i,i,i,i,i,y,x,z,z,z,i,,
rotate,8,i,i,i,i,i,i,i,x,x,z,z,z,i,,
rotate,-8,i,i,i,i,i,i,i,z,x,z,z,z,i,,
rotate,-8,i,i,i,i,i,i,i,z,x,z,z,z,i,,
rotate,8,i,i,i,i,i,i,i,x,x,z,z,z,i,,
rotate,-8,i,i,i,i,i,i,i,z,x,z,z,z,i,,
rotate,8,i,i,i,i,i,i,i,x,x,z,z,z,i,,
rotate,-8,i,i,i,i,i,i,i,z,x,z,z,z,i,,
rotate,-8,i,i,i,i,i,i,i,y,x,z,z,z,i,,
rotate,8,i,i,i,i,i,i,i,x,x,z,z,z,i,,
rotate,-8,i,i,i,i,i,i,i,y,x,z,z,z,i,,
rotate,8,i,i,i,i,i,i,i,z,x,z,z,z,i,,
rotate,8,i,i,i,i,i,i,i,x,x,z,z,z,i,,
rotate,8,i,i,i,i,i,i,i,z,x,z,z,z,i,,
rotate,8,i,i,i,i,i,i,i,x,x,z,z,z,i,,
rotate,8,i,i,i,i,i,i,i,z,x,z,z,z,i,,
rotate,8,i,i,i,i,i,i,i,x,x,z,z,z,i,,
rotate,-8,i,i,i,i,i,i,i,y,x,z,z,z,i,,
rotate,8,i,i,i,i,i,i,i,z,x,z,z,z,i,,
rotate,-8,i,i,i,i,i,i,i,y,x,z,z,z,i,,
rotate,-8,i,i,i,i,i,i,i,x,x,z,z,z,i,,
rotate,8,i,i,i,i,i,i,i,z,x,z,z,z,i,,
rotate,-8,i,i,i,i,i,i,i,x,x,z,z,z,i,,
rotate,8,i,i,i,i,i,i,i,z,x,z,z,z,i,,
rotate,-8,i,i,i,i,i,i,i,x,x,z,z,z,i,,
rotate,-8,i,i,i,i,i,i,i,y,x,z,z,z,i,,
rotate,8,i,i,i,i,i,i,i,x,x,z,z,z,i,,
rotate,-8,i,i,i,i,i,i,i,y,x,z,z,z,i,,
rotate,8,i,i,i,i,i,i,i,z,x,z,z,z,i,,
rotate,8,i,i,i,i,i,i,i,x,x,z,z,z,i,,
rotate,-8,i,i,i,i,i,i,i,y,x,z,z,z,i,,
rotate,8,i,i,i,i,i,i,i,x,x,z,z,z,i,,
rotate,-8,i,i,i,i,i,i,i,z,x,z,z,z,i,,
rotate,-8,i,i,i,i,i,i,i,y,x,z,z,z,i,,
rotate,-8,i,i,i,i,i,i,i,z,x,z,z,z,i,,
rotate,-8,i,i,i,i,i,i,i,x,x,z,z,z,i,,
rotate,-8,i,i,i,i,i,i,i,z,x,z,z,z,i,,
rotate,8,i,i,i,i,i,i,i,y,x,z,z,z,i,,
rotate,-8,i,i,i,i,i,i,i,x,x,z,z,z,i,,
rotate,-8,i,i,i,i,i,i,i,z,x,z,z,z,i,,
rotate,-8,i,i,i,i,i,i,i,x,x,z,z,z,i,,
rotate,-8,i,i,i,i,i,i,i,y,x,z,z,z,i,,
rotate,-8,i,i,i,i,i,i,i,z,x,z,z,z,i,,
rotate,-8,i,i,i,i,i,i,i,y,x,z,z,z,i,,
rotate,8,i,i,i,i,i,i,i,x,x,z,z,z,i,,
rotate,-8,i,i,i,i,i,i,i,y,x,z,z,z,i,,
rotate,8,i,i,i,i,i,i,i,z,x,z,z,z,i,,
rotate,8,i,i,i,i,i,i,i,y,x,z,z,z,i,,
rotate,8,i,i,i,i,i,i,i,z,x,z,z,z,i,,
rotate,8,i,i,i,i,i,i,i,y,x,z,z,z,i,,
rotate,8,i,i,i,i,i,i,i,x,x,z,z,z,i,,
rotate,8,i,i,i,i,i,i,i,z,x,z,z,z,i,,
rotate,8,i,i,i,i,i,i,i,y,x,z,z,z,i,,
rotate,8,i,i,i,i,i,i,i,z,x,z,z,z,i,,
rotate,-8,i,i,i,i,i,i,i,x,x,z,z,z,i,,
rotate,8,i,i,i,i,i,i,i,y,x,z,z,z,i,,
rotate,-8,i,i,i,i,i,i,i,x,x,z,z,z,i,,
rotate,-8,i,i,i,i,i,i,i,z,x,z,z,z,i,,
rotate,-8,i,i,i,i,i,i,i,x,x,z,z,z,i,,
rotate,-8,i,i,i,i,i,i,i,y,x,z,z,z,i,,
rotate,-8,i,i,i,i,i,i,i,z,x,z,z,z,i,,
rotate,-8,i,i,i,i,i,i,i,x,x,z,z,z,i,,
rotate,-8,i,i,i,i,i,i,i,z,x,z,z,z,i,,
rotate,8,i,i,i,i,i,i,i,y,x,z,z,z,i,,
rotate,-8,i,i,i,i,i,i,i,x,x,z,z,z,i,,
rotate,8,i,i,i,i,i,i,i,y,x,z,z,z,i,,
rotate,8,i,i,i,i,i,i,i,z,x,z,z,z,i,,
rotate,8,i,i,i,i,i,i,i,y,x,z,z,z,i,,
rotate,8,i,i,i,i,i,i,i,x,x,z,z,z,i,,
rotate,-8,i,i,i,i,i,i,i,y,x,z,z,z,i,,
rotate,8,i,i,i,i,i,i,i,z,x,z,z,z,i,,
rotate,-8,i,i,i,i,i,i,i,y,x,z,z,z,i,,
rotate,-8,i,i,i,i,i,i,i,x,x,z,z,z,i,,
rotate,-8,i,i,i,i,i,i,i,y,x,z,z,z,i,,
rotate,-8,i,i,i,i,i,i,i,z,x,z,z,z,i,,
rotate,-8,i,i,i,i,i,i,i,y,x,z,z,z,i,,
rotate,-8,i,i,i,i,i,i,i,z,x,z,z,z,i,,
rotate,-8,i,i,i,i,i,i,i,y,x,z,z,z,i,,
rotate,8,i,i,i,i,i,i,i,x,x,z,z,z,i,,
rotate,-8,i,i,i,i,i,i,i,y,x,z,z,z,i,,
rotate,8,i,i,i,i,i,i,i,x,x,z,z,z,i,,
rotate,-8,i,i,i,i,i,i,i,z,x,z,z,z,i,,
rotate,-8,i,i,i,i,i,i,i,y,x,z,z,z,i,,
rotate,8,i,i,i,i,i,i,i,x,x,z,z,z,i,,
rotate,-8,i,i,i,i,i,i,i,z,x,z,z,z,i,,
rotate,8,i,i,i,i,i,i,i,x,x,z,z,z,i,,
rotate,8,i,i,i,i,i,i,i,y,x,z,z,z,i,,
rotate,8,i,i,i,i,i,i,i,x,x,z,z,z,i,,
rotate,8,i,i,i,i,i,i,i,y,x,z,z,z,i,,
rotate,-8,i,i,i,i,i,i,i,z,x,z,z,z,i,,
rotate,8,i,i,i,i,i,i,i,x,x,z,z,z,i,,
rotate,8,i,i,i,i,i,i,i,y,x,z,z,z,i,,
rotate,-8,i,i,i,i,i,i,i,z,x,z,z,z,i,,
rotate,8,i,i,i,i,i,i,i,y,x,z,z,z,i,,
rotate,-8,i,i,i,i,i,i,i,z,x,z,z,z,i,,
rotate,8,i,i,i,i,i,i,i,x,x,z,z,z,i,,
rotate,-8,i,i,i,i,i,i,i,z,x,z,z,z,i,,
rotate,8,i,i,i,i,i,i,i,x,x,z,z,z,i,,
rotate,-8,i,i,i,i,i,i,i,z,x,z,z,z,i,,
rotate,-8,i,i,i,i,i,i,i,y,x,z,z,z,i,,
rotate,-8,i,i,i,i,i,i,i,z,x,z,z,z,i,,
rotate,8,i,i,i,i,i,i,i,y,x,z,z,z,i,,
rotate,8,i,i,i,i,i,i,i,x,x,z,z,z,i,,
rotate,8,i,i,i,i,i,i,i,y,x,z,z,z,i,,
rotate,8,i,i,i,i,i,i,i,x,x,z,z,z,i,,
rotate,8,i,i,i,i,i,i,i,y,x,z,z,z,i,,
rotate,8,i,i,i,i,i,i,i,x,x,z,z,z,i,,
rotate,8,i,i,i,i,i,i,i,y,x,z,z,z,i,,
rotate,-8,i,i,i,i,i,i,i,z,x,z,z,z,i,,
rotate,8,i,i,i,i,i,i,i,y,x,z,z,z,i,,
rotate,-8,i,i,i,i,i,i,i,x,x,z,z,z,i,,
rotate,-8,i,i,i,i,i,i,i,z,x,z,z,z,i,,
rotate,8,i,i,i,i,i,i,i,y,x,z,z,z,i,,
rotate,-8,i,i,i,i,i,i,i,x,x,z,z,z,i,,
rotate,8,i,i,i,i,i,i,i,y,x,z,z,z,i,,
rotate,8,i,i,i,i,i,i,i,z,x,z,z,z,i,,
rotate,-8,i,i,i,i,i,i,i,x,x,z,z,z,i,,
rotate,8,i,i,i,i,i,i,i,y,x,z,z,z,i,,
rotate,8,i,i,i,i,i,i,i,z,x,z,z,z,i,,
rotate,-8,i,i,i,i,i,i,i,x,x,z,z,z,i,,
rotate,8,i,i,i,i,i,i,i,y,x,z,z,z,i,,
rotate,-8,i,i,i,i,i,i,i,x,x,z,z,z,i,,
rotate,8,i,i,i,i,i,i,i,y,x,z,z,z,i,,
rotate,8,i,i,i,i,i,i,i,z,x,z,z,z,i,,
rotate,-8,i,i,i,i,i,i,i,x,x,z,z,z,i,,
rotate,8,i,i,i,i,i,i,i,z,x,z,z,z,i,,
rotate,-8,i,i,i,i,i,i,i,x,x,z,z,z,i,,
rotate,8,i,i,i,i,i,i,i,z,x,z,z,z,i,,
rotate,-8,i,i,i,i,i,i,i,y,x,z,z,z,i,,
rotate,-8,i,i,i,i,i,i,i,x,x,z,z,z,i,,
rotate,8,i,i,i,i,i,i,i,z,x,z,z,z,i,,
rotate,8,i,i,i,i,i,i,i,y,x,z,z,z,i,,
rotate,-8,i,i,i,i,i,i,i,z,x,z,z,z,z,,
rotate,8,i,i,i,i,i,i,i,y,x,z,z,z,i,,
rotate,-8,i,i,i,i,i,i,i,x,x,z,z,z,z,,
rotate,8,i,i,i,i,i,i,i,y,x,z,z,z,i,,
rotate,-8,i,i,i,i,i,i,i,x,x,z,z,z,z,,
rotate,8,i,i,i,i,i,i,i,y,x,z,z,z,i,,
rotate,8,i,i,i,i,i,i,i,z,x,z,z,z,z,,
rotate,8,i,i,i,i,i,i,i,y,x,z,z,z,i,,
rotate,8,i,i,i,i,i,i,i,z,x,z,z,z,z,,
rotate,-8,i,i,i,i,i,i,i,x,x,z,z,z,z,,
rotate,8,i,i,i,i,i,i,i,y,x,z,z,z,i,,
rotate,-8,i,i,i,i,i,i,i,x,x,z,z,z,z,,
rotate,8,i,i,i,i,i,i,i,y,x,z,z,z,i,,
rotate,-8,i,i,i,i,i,i,i,x,x,z,z,z,z,,
rotate,-8,i,i,i,i,i,i,i,z,x,z,z,z,z,,
rotate,-8,i,i,i,i,i,i,i,x,x,z,z,z,z,,
rotate,-8,i,i,i,i,i,i,i,z,x,z,z,z,z,,
rotate,8,i,i,i,i,i,i,i,y,x,z,z,z,i,,
rotate,-8,i,i,i,i,i,i,i,z,x,z,z,z,z,,
rotate,8,i,i,i,i,i,i,i,x,x,z,z,z,z,,
rotate,-8,i,i,i,i,i,i,i,z,x,z,z,z,z,,
rotate,8,i,i,i,i,i,i,i,x,x,z,z,z,z,,
rotate,-8,i,i,i,i,i,i,i,z,x,z,z,z,z,,
rotate,-8,i,i,i,i,i,i,i,y,x,z,z,z,i,,
rotate,8,i,i,i,i,i,i,i,x,x,z,z,z,z,,
rotate,-8,i,i,i,i,i,i,i,z,x,z,z,z,z,,
rotate,8,i,i,i,i,i,i,i,x,x,z,z,z,z,,
rotate,8,i,i,i,i,i,i,i,y,x,z,z,z,i,,
rotate,8,i,i,i,i,i,i,i,x,x,z,z,z,z,,
rotate,-8,i,i,i,i,i,i,i,y,x,z,z,z,i,,
rotate,-8,i,i,i,i,i,i,i,z,x,z,z,z,z,,
rotate,-8,i,i,i,i,i,i,i,y,x,z,z,z,i,,
rotate,8,i,i,i,i,i,i,i,x,x,z,z,z,z,,
rotate,-8,i,i,i,i,i,i,i,y,x,z,z,z,i,,
rotate,8,i,i,i,i,i,i,i,z,x,z,z,z,z,,
rotate,8,i,i,i,i,i,i,i,x,x,z,z,z,z,,
rotate,-8,i,i,i,i,i,i,i,y,x,z,z,z,i,,
rotate,8,i,i,i,i,i,i,i,z,x,z,z,z,z,,
rotate,8,i,i,i,i,i,i,i,x,x,z,z,z,z,,
rotate,-8,i,i,i,i,i,i,i,y,x,z,z,z,i,,
rotate,8,i,i,i,i,i,i,i,z,x,z,z,z,z,,
rotate,8,i,i,i,i,i,i,i,x,x,z,z,z,z,,
rotate,-8,i,i,i,i,i,i,i,y,x,z,z,z,i,,
rotate,8,i,i,i,i,i,i,i,x,x,z,z,z,z,,
rotate,-8,i,i,i,i,i,i,i,z,x,z,z,z,z,,
rotate,8,i,i,i,i,i,i,i,x,x,z,z,z,z,,
rotate,8,i,i,i,i,i,i,i,y,x,z,z,z,i,,
rotate,8,i,i,i,i,i,i,i,x,x,z,z,z,z,,
rotate,8,i,i,i,i,i,i,i,z,x,z,z,z,z,,
rotate,8,i,i,i,i,i,i,i,y,x,z,z,z,i,,
rotate,8,i,i,i,i,i,i,i,z,x,z,z,z,z,,
rotate,8,i,i,i,i,i,i,i,y,x,z,z,z,i,,
rotate,8,i,i,i,i,i,i,i,x,x,z,z,z,z,,
rotate,8,i,i,i,i,i,i,i,y,x,z,z,z,i,,
rotate,8,i,i,i,i,i,i,i,x,x,z,z,z,z,,
rotate,8,i,i,i,i,i,i,i,z,x,z,z,z,z,,
rotate,8,i,i,i,i,i,i,i,x,x,z,z,z,z,,
rotate,8,i,i,i,i,i,i,i,z,x,z,z,z,z,,
rotate,8,i,i,i,i,i,i,i,x,x,z,z,z,z,,
rotate,8,i,i,i,i,i,i,i,z,x,z,z,z,z,,
rotate,8,i,i,i,i,i,i,i,x,x,z,z,z,z,,
rotate,-8,i,i,i,i,i,i,i,x,x,z,z,z,z,,
rotate,-8,i,i,i,i,i,i,i,z,x,z,z,z,z,,
rotate,8,i,i,i,i,i,i,i,y,x,z,z,z,i,,
rotate,-8,i,i,i,i,i,i,i,z,x,z,z,z,z,,
rotate,8,i,i,i,i,i,i,i,x,x,z,z,z,z,,
rotate,8,i,i,i,i,i,i,i,y,x,z,z,z,i,,
rotate,8,i,i,i,i,i,i,i,x,x,z,z,z,z,,
rotate,8,i,i,i,i,i,i,i,y,x,z,z,z,i,,
rotate,8,i,i,i,i,i,i,i,x,x,z,z,z,z,,
rotate,8,i,i,i,i,i,i,i,y,x,z,z,z,i,,
rotate,-8,i,i,i,i,i,i,i,z,x,z,z,z,z,,
rotate,8,i,i,i,i,i,i,i,x,x,z,z,z,z,,
rotate,-8,i,i,i,i,i,i,i,z,x,z,z,z,z,,
rotate,8,i,i,i,i,i,i,i,x,x,z,z,z,z,,
rotate,8,i,i,i,i,i,i,i,y,x,z,z,z,i,,
rotate,8,i,i,i,i,i,i,i,x,x,z,z,z,z,,
rotate,8,i,i,i,i,i,i,i,y,x,z,z,z,i,,
rotate,8,i,i,i,i,i,i,i,x,x,z,z,z,z,,
rotate,8,i,i,i,i,i,i,i,y,x,z,z,z,i,,
rotate,8,i,i,i,i,i,i,i,x,x,z,z,z,z,,
rotate,8,i,i,i,i,i,i,i,y,x,z,z,z,i,,
rotate,8,i,i,i,i,i,i,i,x,x,z,z,z,z,,
rotate,8,i,i,i,i,i,i,i,z,x,z,z,z,z,,
rotate,8,i,i,i,i,i,i,i,y,x,z,z,z,i,,
rotate,8,i,i,i,i,i,i,i,x,x,z,z,z,z,,
rotate,8,i,i,i,i,i,i,i,z,x,z,z,z,z,,
rotate,8,i,i,i,i,i,i,i,y,x,z,z,z,i,,
rotate,8,i,i,i,i,i,i,i,x,x,z,z,z,z,,
rotate,8,i,i,i,i,i,i,i,z,x,z,z,z,z,,
rotate,8,i,i,i,i,i,i,i,x,x,z,z,z,z,,
rotate,8,i,i,i,i,i,i,i,z,x,z,z,z,z,,
rotate,8,i,i,i,i,i,i,i,y,x,z,z,z,i,,
rotate,8,i,i,i,i,i,i,i,z,x,z,z,z,z,,
rotate,8,i,i,i,i,i,i,i,y,x,z,z,z,i,,
rotate,8,i,i,i,i,i,i,i,x,x,z,z,z,z,,
rotate,8,i,i,i,i,i,i,i,z,x,z,z,z,z,,
rotate,8,i,i,i,i,i,i,i,x,x,z,z,z,z,,
rotate,8,i,i,i,i,i,i,i,z,x,z,z,z,z,,
rotate,8,i,i,i,i,i,i,i,x,x,z,z,z,z,,
rotate,-8,i,i,i,i,i,i,i,y,x,z,z,z,i,,
rotate,8,i,i,i,i,i,i,i,z,x,z,z,z,z,,
rotate,8,i,i,i,i,i,i,i,x,x,z,z,z,z,,
rotate,-8,i,i,i,i,i,i,i,y,x,z,z,z,i,,
rotate,8,i,i,i,i,i,i,i,x,x,z,z,z,z,,
rotate,-8,i,i,i,i,i,i,i,y,x,z,z,z,i,,
rotate,8,i,i,i,i,i,i,i,z,x,z,z,z,z,,
rotate,-8,i,i,i,i,i,i,i,y,x,z,z,z,i,,
rotate,8,i,i,i,i,i,i,i,z,x,z,z,z,z,,
rotate,8,i,i,i,i,i,i,i,x,x,z,z,z,z,,
rotate,-8,i,i,i,i,i,i,i,y,x,z,z,z,i,,
rotate,8,i,i,i,i,i,i,i,z,x,z,z,z,z,,
rotate,-8,i,i,i,i,i,i,i,y,x,z,z,z,i,,
rotate,-8,i,i,i,i,i,i,i,x,x,z,z,z,z,,
rotate,-8,i,i,i,i,i,i,i,y,x,z,z,z,i,,
rotate,-8,i,i,i,i,i,i,i,x,x,z,z,z,z,,
rotate,8,i,i,i,i,i,i,i,z,x,z,z,z,z,,
rotate,-8,i,i,i,i,i,i,i,x,x,z,z,z,z,,
rotate,8,i,i,i,i,i,i,i,y,x,z,z,z,i,,
rotate,-8,i,i,i,i,i,i,i,x,x,z,z,z,z,,
rotate,8,i,i,i,i,i,i,i,y,x,z,z,z,i,,
rotate,8,i,i,i,i,i,i,i,y,x,z,z,z,i,,
rotate,8,i,i,i,i,i,i,i,x,x,z,z,z,z,,
rotate,8,i,i,i,i,i,i,i,z,x,z,z,z,z,,
rotate,8,i,i,i,i,i,i,i,x,x,z,z,z,z,,
rotate,8,i,i,i,i,i,i,i,z,x,z,z,z,z,,
rotate,8,i,i,i,i,i,i,i,x,x,z,z,z,z,,
rotate,8,i,i,i,i,i,i,i,z,x,z,z,z,z,,
rotate,8,i,i,i,i,i,i,i,y,x,z,z,z,i,,
rotate,8,i,i,i,i,i,i,i,z,x,z,z,z,z,,
rotate,8,i,i,i,i,i,i,i,y,x,z,z,z,i,,
rotate,8,i,i,i,i,i,i,i,x,x,z,z,z,z,,
rotate,8,i,i,i,i,i,i,i,y,x,z,z,z,i,,
rotate,8,i,i,i,i,i,i,i,x,x,z,z,z,z,,
rotate,8,i,i,i,i,i,i,i,z,x,z,z,z,z,,
rotate,8,i,i,i,i,i,i,i,y,x,z,z,z,i,,
rotate,8,i,i,i,i,i,i,i,z,x,z,z,z,z,,
rotate,8,i,i,i,i,i,i,i,y,x,z,z,z,i,,
rotate,8,i,i,i,i,i,i,i,z,x,z,z,z,z,,
rotate,-8,i,i,i,i,i,i,i,x,x,z,z,z,z,,
rotate,8,i,i,i,i,i,i,i,y,x,z,z,z,i,,
rotate,-8,i,i,i,i,i,i,i,x,x,z,z,z,z,,
rotate,-8,i,i,i,i,i,i,i,z,x,z,z,z,z,,
rotate,-8,i,i,i,i,i,i,i,x,x,z,z,z,z,,
rotate,-8,i,i,i,i,i,i,i,z,x,z,z,z,z,,
rotate,8,i,i,i,i,i,i,i,y,x,z,z,z,i,,
rotate,-8,i,i,i,i,i,i,i,z,x,z,z,z,z,,
rotate,8,i,i,i,i,i,i,i,y,x,z,z,z,i,,
rotate,-8,i,i,i,i,i,i,i,x,x,z,z,z,z,,
rotate,8,i,i,i,i,i,i,i,y,x,z,z,z,i,,
rotate,8,i,i,i,i,i,i,i,z,x,z,z,z,z,,
rotate,-8,i,i,i,i,i,i,i,x,x,z,z,z,z,,
rotate,8,i,i,i,i,i,i,i,z,x,z,z,z,z,,
rotate,-8,i,i,i,i,i,i,i,z,x,z,z,z,z,,
rotate,8,i,i,i,i,i,i,i,x,x,z,z,z,z,,
rotate,-8,i,i,i,i,i,i,i,z,x,z,z,z,z,,
rotate,-8,i,i,i,i,i,i,i,y,x,z,z,z,i,,
rotate,-8,i,i,i,i,i,i,i,z,x,z,z,z,z,,
rotate,-8,i,i,i,i,i,i,i,y,x,z,z,z,i,,
rotate,-8,i,i,i,i,i,i,i,z,x,z,z,z,z,,
rotate,-8,i,i,i,i,i,i,i,x,x,z,z,z,z,,
rotate,-8,i,i,i,i,i,i,i,z,x,z,z,z,z,,
rotate,-8,i,i,i,i,i,i,i,x,x,z,z,z,z,,
rotate,-8,i,i,i,i,i,i,i,y,x,z,z,z,i,,
rotate,-8,i,i,i,i,i,i,i,z,x,z,z,z,z,,
rotate,-8,i,i,i,i,i,i,i,y,x,z,z,z,i,,
rotate,-8,i,i,i,i,i,i,i,z,x,z,z,z,z,,
rotate,-8,i,i,i,i,i,i,i,y,x,z,z,z,i,,
rotate,8,i,i,i,i,i,i,i,x,x,z,z,z,z,,
rotate,-8,i,i,i,i,i,i,i,y,x,z,z,z,i,,
rotate,8,i,i,i,i,i,i,i,x,x,z,z,z,z,,
rotate,-8,i,i,i,i,i,i,i,z,x,z,z,z,z,,
rotate,8,i,i,i,i,i,i,i,x,x,z,z,z,z,,
rotate,8,i,i,i,i,i,i,i,y,x,z,z,z,i,,
rotate,8,i,i,i,i,i,i,i,x,x,z,z,z,z,,
rotate,8,i,i,i,i,i,i,i,y,x,z,z,z,i,,
rotate,8,i,i,i,i,i,i,i,x,x,z,z,z,z,,
rotate,8,i,i,i,i,i,i,i,z,x,z,z,z,z,,
rotate,8,i,i,i,i,i,i,i,y,x,z,z,z,i,,
rotate,8,i,i,i,i,i,i,i,x,x,z,z,z,z,,
rotate,8,i,i,i,i,i,i,i,y,x,z,z,z,i,,
rotate,-8,i,i,i,i,i,i,i,z,x,z,z,z,z,,
rotate,8,i,i,i,i,i,i,i,y,x,z,z,z,i,,
rotate,-8,i,i,i,i,i,i,i,z,x,z,z,z,z,,
rotate,-8,i,i,i,i,i,i,i,y,x,z,z,z,i,,
rotate,-8,i,i,i,i,i,i,i,z,x,z,z,z,z,,
rotate,-8,i,i,i,i,i,i,i,x,x,z,z,z,z,,
rotate,-8,i,i,i,i,i,i,i,z,x,z,z,z,z,,
rotate,-8,i,i,i,i,i,i,i,x,x,z,z,z,z,,
rotate,-8,i,i,i,i,i,i,i,z,x,z,z,z,z,,
rotate,8,i,i,i,i,i,i,i,y,x,z,z,z,i,,
rotate,-8,i,i,i,i,i,i,i,z,x,z,z,z,z,,
rotate,8,i,i,i,i,i,i,i,y,x,z,z,z,i,,
rotate,-8,i,i,i,i,i,i,i,x,x,z,z,z,z,,
rotate,-8,i,i,i,i,i,i,i,z,x,z,z,z,z,,
rotate,-8,i,i,i,i,i,i,i,x,x,z,z,z,z,,
rotate,-8,i,i,i,i,i,i,i,z,x,z,z,z,z,,
rotate,-8,i,i,i,i,i,i,i,x,x,z,z,z,z,,
rotate,-8,i,i,i,i,i,i,i,y,x,z,z,z,i,,
rotate,-8,i,i,i,i,i,i,i,x,x,z,z,z,z,,
rotate,-8,i,i,i,i,i,i,i,y,x,z,z,z,i,,
rotate,-8,i,i,i,i,i,i,i,z,x,z,z,z,z,,
rotate,-8,i,i,i,i,i,i,i,y,x,z,z,z,i,,
rotate,8,i,i,i,i,i,i,i,x,x,z,z,z,z,,
rotate,-8,i,i,i,i,i,i,i,y,x,z,z,z,i,,
rotate,8,i,i,i,i,i,i,i,x,x,z,z,z,z,,
rotate,-8,i,i,i,i,i,i,i,y,x,z,z,z,i,,
rotate,8,i,i,i,i,i,i,i,z,x,z,z,z,z,,
rotate,8,i,i,i,i,i,i,i,x,x,z,z,z,z,,
rotate,-8,i,i,i,i,i,i,i,y,x,z,z,z,i,,
rotate,8,i,i,i,i,i,i,i,x,x,z,z,z,z,,
rotate,-8,i,i,i,i,i,i,i,z,x,z,z,z,z,,
rotate,8,i,i,i,i,i,i,i,x,x,z,z,z,z,,
rotate,8,i,i,i,i,i,i,i,z,x,z,z,z,z,,
rotate,-8,i,i,i,i,i,i,i,y,x,z,z,z,i,,
rotate,8,i,i,i,i,i,i,i,z,x,z,z,z,z,,
rotate,8,i,i,i,i,i,i,i,x,x,z,z,z,z,,
rotate,8,i,i,i,i,i,i,i,z,x,z,z,z,z,,
rotate,8,i,i,i,i,i,i,i,y,x,z,z,z,i,,
rotate,8,i,i,i,i,i,i,i,x,x,z,z,z,z,,
rotate,8,i,i,i,i,i,i,i,z,x,z,z,z,z,,
rotate,8,i,i,i,i,i,i,i,y,x,z,z,z,i,,
rotate,8,i,i,i,i,i,i,i,x,x,z,z,z,z,,
rotate,8,i,i,i,i,i,i,i,z,x,z,z,z,z,,
rotate,8,i,i,i,i,i,i,i,y,x,z,z,z,i,,
rotate,8,i,i,i,i,i,i,i,x,x,z,z,z,z,,
rotate,8,i,i,i,i,i,i,i,z,x,z,z,z,z,,
rotate,8,i,i,i,i,i,i,i,x,x,z,z,z,z,,
rotate,-8,i,i,i,i,i,i,i,y,x,z,z,z,i,,
rotate,8,i,i,i,i,i,i,i,x,x,z,z,z,z,,
rotate,-8,i,i,i,i,i,i,i,z,x,z,z,z,z,,
rotate,8,i,i,i,i,i,i,i,x,x,z,z,z,z,,
rotate,8,i,i,i,i,i,i,i,y,x,z,z,z,i,,
rotate,-8,i,i,i,i,i,i,i,z,x,z,z,z,z,,
rotate,8,i,i,i,i,i,i,i,y,x,z,z,z,i,,
rotate,-8,i,i,i,i,i,i,i,z,x,z,z,z,z,,
rotate,8,i,i,i,i,i,i,i,x,x,z,z,z,z,,
rotate,-8,i,i,i,i,i,i,i,z,x,z,z,z,z,,
rotate,8,i,i,i,i,i,i,i,x,x,z,z,z,z,,
rotate,8,i,i,i,i,i,i,i,y,x,z,z,z,i,,
rotate,8,i,i,i,i,i,i,i,x,x,z,z,z,z,,
rotate,8,i,i,i,i,i,i,i,y,x,z,z,z,i,,
rotate,8,i,i,i,i,i,i,i,x,x,z,z,z,z,,
rotate,8,i,i,i,i,i,i,i,y,x,z,z,z,i,,
rotate,8,i,i,i,i,i,i,i,x,x,z,z,z,z,,
rotate,-8,i,i,i,i,i,i,i,x,x,z,z,z,z,,
rotate,-8,i,i,i,i,i,i,i,y,x,z,z,z,i,,
rotate,-8,i,i,i,i,i,i,i,z,x,z,z,z,z,,
rotate,-8,i,i,i,i,i,i,i,y,x,z,z,z,i,,
rotate,8,i,i,i,i,i,i,i,x,x,z,z,z,z,,
rotate,-8,i,i,i,i,i,i,i,z,x,z,z,z,z,,
rotate,8,i,i,i,i,i,i,i,x,x,z,z,z,z,,
rotate,-8,i,i,i,i,i,i,i,z,x,z,z,z,z,,
rotate,8,i,i,i,i,i,i,i,x,x,z,z,z,z,,
rotate,-8,i,i,i,i,i,i,i,z,x,z,z,z,z,,
rotate,-8,i,i,i,i,i,i,i,y,x,z,z,z,i,,
rotate,8,i,i,i,i,i,i,i,x,x,z,z,z,z,,
rotate,-8,i,i,i,i,i,i,i,y,x,z,z,z,i,,
rotate,8,i,i,i,i,i,i,i,x,x,z,z,z,z,,
rotate,-8,i,i,i,i,i,i,i,z,x,z,z,z,z,,
rotate,8,i,i,i,i,i,i,i,x,x,z,z,z,z,,
rotate,-8,i,i,i,i,i,i,i,z,x,z,z,z,z,,
rotate,8,i,i,i,i,i,i,i,x,x,z,z,z,z,,
rotate,-8,i,i,i,i,i,i,i,z,x,z,z,z,z,,
rotate,8,i,i,i,i,i,i,i,x,x,z,z,z,z,,
rotate,-8,i,i,i,i,i,i,i,z,x,z,z,z,z,,
rotate,8,i,i,i,i,i,i,i,x,x,z,z,z,z,,
rotate,8,i,i,i,i,i,i,i,y,x,z,z,z,i,,
rotate,-8,i,i,i,i,i,i,i,z,x,z,z,z,z,,
rotate,8,i,i,i,i,i,i,i,x,x,z,z,z,z,,
rotate,8,i,i,i,i,i,i,i,y,x,z,z,z,i,,
rotate,-8,i,i,i,i,i,i,i,z,x,z,z,z,z,,
rotate,8,i,i,i,i,i,i,i,x,x,z,z,z,z,,
rotate,8,i,i,i,i,i,i,i,y,x,z,z,z,i,,
rotate,8,i,i,i,i,i,i,i,x,x,z,z,z,z,,
rotate,8,i,i,i,i,i,i,i,y,x,z,z,z,i,,
rotate,-8,i,i,i,i,i,i,i,z,x,z,z,z,z,,
rotate,8,i,i,i,i,i,i,i,y,x,z,z,z,i,,
rotate,-8,i,i,i,i,i,i,i,z,x,z,z,z,z,,
rotate,8,i,i,i,i,i,i,i,x,x,z,z,z,z,,
rotate,8,i,i,i,i,i,i,i,y,x,z,z,z,i,,
rotate,8,i,i,i,i,i,i,i,x,x,z,z,z,z,,
rotate,8,i,i,i,i,i,i,i,y,x,z,z,z,i,,
rotate,8,i,i,i,i,i,i,i,x,x,z,z,z,z,,
rotate,8,i,i,i,i,i,i,i,z,x,z,z,z,z,,
rotate,8,i,i,i,i,i,i,i,y,x,z,z,z,i,,
rotate,8,i,i,i,i,i,i,i,x,x,z,z,z,z,,
rotate,8,i,i,i,i,i,i,i,z,x,z,z,z,z,,
rotate,8,i,i,i,i,i,i,i,x,x,z,z,z,z,,
rotate,8,i,i,i,i,i,i,i,z,x,z,z,z,z,,
rotate,8,i,i,i,i,i,i,i,y,x,z,z,z,i,,
rotate,8,i,i,i,i,i,i,i,z,x,z,z,z,z,,
rotate,8,i,i,i,i,i,i,i,y,x,z,z,z,i,,
rotate,8,i,i,i,i,i,i,i,x,x,z,z,z,z,,
rotate,8,i,i,i,i,i,i,i,z,x,z,z,z,z,,
rotate,8,i,i,i,i,i,i,i,y,x,z,z,z,i,,
rotate,8,i,i,i,i,i,i,i,z,x,z,z,z,z,,
rotate,-8,i,i,i,i,i,i,i,x,x,z,z,z,z,,
rotate,8,i,i,i,i,i,i,i,z,x,z,z,z,z,,
rotate,-8,i,i,i,i,i,i,i,x,x,z,z,z,z,,
rotate,8,i,i,i,i,i,i,i,y,x,z,z,z,i,,
rotate,-8,i,i,i,i,i,i,i,x,x,z,z,z,z,,
rotate,-8,i,i,i,i,i,i,i,z,x,z,z,z,z,,
rotate,-8,i,i,i,i,i,i,i,x,x,z,z,z,z,,
rotate,-8,i,i,i,i,i,i,i,z,x,z,z,z,z,,
rotate,-8,i,i,i,i,i,i,i,z,x,z,z,z,z,,
rotate,8,i,i,i,i,i,i,i,x,x,z,z,z,z,,
rotate,8,i,i,i,i,i,i,i,y,x,z,z,z,i,,
rotate,8,i,i,i,i,i,i,i,x,x,z,z,z,z,,
rotate,8,i,i,i,i,i,i,i,y,x,z,z,z,i,,
rotate,8,i,i,i,i,i,i,i,x,x,z,z,z,z,,
rotate,8,i,i,i,i,i,i,i,y,x,z,z,z,i,,
rotate,-8,i,i,i,i,i,i,i,z,x,z,z,z,z,,
rotate,8,i,i,i,i,i,i,i,y,x,z,z,z,i,,
rotate,-8,i,i,i,i,i,i,i,z,x,z,z,z,z,,
rotate,8,i,i,i,i,i,i,i,x,x,z,z,z,z,,
rotate,-8,i,i,i,i,i,i,i,z,x,z,z,z,z,,
rotate,8,i,i,i,i,i,i,i,x,x,z,z,z,z,,
rotate,8,i,i,i,i,i,i,i,y,x,z,z,z,i,,
rotate,-8,i,i,i,i,i,i,i,z,x,z,z,z,z,,
rotate,8,i,i,i,i,i,i,i,y,x,z,z,z,i,,
rotate,-8,i,i,i,i,i,i,i,z,x,z,z,z,z,,
rotate,8,i,i,i,i,i,i,i,y,x,z,z,z,i,,
rotate,-8,i,i,i,i,i,i,i,x,x,z,z,z,z,,
rotate,-8,i,i,i,i,i,i,i,z,x,z,z,z,z,,
rotate,-8,i,i,i,i,i,i,i,x,x,z,z,z,z,,
rotate,-8,i,i,i,i,i,i,i,y,x,z,z,z,i,,
rotate,-8,i,i,i,i,i,i,i,x,x,z,z,z,z,,
rotate,-8,i,i,i,i,i,i,i,y,x,z,z,z,i,,
rotate,-8,i,i,i,i,i,i,i,z,x,z,z,z,z,,
rotate,-8,i,i,i,i,i,i,i,y,x,z,z,z,i,,
rotate,-8,i,i,i,i,i,i,i,z,x,z,z,z,z,,
rotate,-8,i,i,i,i,i,i,i,x,x,z,z,z,z,,
rotate,-8,i,i,i,i,i,i,i,z,x,z,z,z,z,,
rotate,8,i,i,i,i,i,i,i,y,x,z,z,z,i,,
rotate,-8,i,i,i,i,i,i,i,x,x,z,z,z,z,,
rotate,8,i,i,i,i,i,i,i,y,x,z,z,z,i,,
rotate,8,i,i,i,i,i,i,i,x,x,z,z,z,z,,
rotate,-8,i,i,i,i,i,i,i,z,x,z,z,z,z,,
rotate,8,i,i,i,i,i,i,i,x,x,z,z,z,z,,
rotate,-8,i,i,i,i,i,i,i,z,x,z,z,z,z,,
rotate,-8,i,i,i,i,i,i,i,y,x,z,z,z,i,,
rotate,8,i,i,i,i,i,i,i,x,x,z,z,z,z,,
rotate,-8,i,i,i,i,i,i,i,y,x,z,z,z,i,,
rotate,8,i,i,i,i,i,i,i,x,x,z,z,z,z,,
rotate,-8,i,i,i,i,i,i,i,y,x,z,z,z,i,,
rotate,8,i,i,i,i,i,i,i,z,x,z,z,z,z,,
rotate,8,i,i,i,i,i,i,i,x,x,z,z,z,z,,
rotate,-8,i,i,i,i,i,i,i,y,x,z,z,z,i,,
rotate,8,i,i,i,i,i,i,i,z,x,z,z,z,z,,
rotate,-8,i,i,i,i,i,i,i,y,x,z,z,z,i,,
rotate,8,i,i,i,i,i,i,i,z,x,z,z,z,z,,
rotate,8,i,i,i,i,i,i,i,x,x,z,z,z,z,,
rotate,8,i,i,i,i,i,i,i,z,x,z,z,z,z,,
rotate,8,i,i,i,i,i,i,i,x,x,z,z,z,z,,
rotate,-8,i,i,i,i,i,i,i,y,x,z,z,z,i,,
rotate,8,i,i,i,i,i,i,i,z,x,z,z,z,z,,
rotate,8,i,i,i,i,i,i,i,x,x,z,z,z,z,,
rotate,8,i,i,i,i,i,i,i,z,x,z,z,z,z,,
rotate,8,i,i,i,i,i,i,i,y,x,z,z,z,i,,
rotate,8,i,i,i,i,i,i,i,z,x,z,z,z,z,,
rotate,8,i,i,i,i,i,i,i,y,x,z,z,z,i,,
rotate,8,i,i,i,i,i,i,i,x,x,z,z,z,z,,
rotate,8,i,i,i,i,i,i,i,y,x,z,z,z,i,,
rotate,-8,i,i,i,i,i,i,i,z,x,z,z,z,z,,
rotate,8,i,i,i,i,i,i,i,y,x,z,z,z,i,,
rotate,-8,i,i,i,i,i,i,i,z,x,z,z,z,z,,
rotate,-8,i,i,i,i,i,i,i,z,x,z,z,z,z,,
rotate,-8,i,i,i,i,i,i,i,x,x,z,z,z,z,,
rotate,-8,i,i,i,i,i,i,i,z,x,z,z,z,z,,
rotate,8,i,i,i,i,i,i,i,y,x,z,z,z,i,,
rotate,-8,i,i,i,i,i,i,i,z,x,z,z,z,z,,
rotate,8,i,i,i,i,i,i,i,y,x,z,z,z,i,,
rotate,-8,i,i,i,i,i,i,i,z,x,z,z,z,z,,
rotate,8,i,i,i,i,i,i,i,x,x,z,z,z,z,,
rotate,-8,i,i,i,i,i,i,i,z,x,z,z,z,z,,
rotate,8,i,i,i,i,i,i,i,x,x,z,z,z,z,,
rotate,8,i,i,i,i,i,i,i,y,x,z,z,z,i,,
rotate,-8,i,i,i,i,i,i,i,z,x,z,z,z,z,,
rotate,8,i,i,i,i,i,i,i,y,x,z,z,z,i,,
rotate,-8,i,i,i,i,i,i,i,z,x,z,z,z,z,,
rotate,8,i,i,i,i,i,i,i,y,x,z,z,z,i,,
rotate,-8,i,i,i,i,i,i,i,x,x,z,z,z,z,,
rotate,8,i,i,i,i,i,i,i,y,x,z,z,z,i,,
rotate,-8,i,i,i,i,i,i,i,x,x,z,z,z,z,,
rotate,-8,i,i,i,i,i,i,i,z,x,z,z,z,z,,
rotate,-8,i,i,i,i,i,i,i,x,x,z,z,z,z,,
rotate,-8,i,i,i,i,i,i,i,y,x,z,z,z,i,,
rotate,-8,i,i,i,i,i,i,i,x,x,z,z,z,z,,
rotate,-8,i,i,i,i,i,i,i,y,x,z,z,z,i,,
rotate,-8,i,i,i,i,i,i,i,x,x,z,z,z,z,,
rotate,8,i,i,i,i,i,i,i,z,x,z,z,z,z,,
rotate,-8,i,i,i,i,i,i,i,y,x,z,z,z,i,,
rotate,-8,i,i,i,i,i,i,i,x,x,z,z,z,z,,
rotate,-8,i,i,i,i,i,i,i,y,x,z,z,z,i,,
rotate,-8,i,i,i,i,i,i,i,z,x,z,z,z,z,,
rotate,-8,i,i,i,i,i,i,i,y,x,z,z,z,i,,
rotate,-8,i,i,i,i,i,i,i,z,x,z,z,z,z,,
rotate,-8,i,i,i,i,i,i,i,x,x,z,z,z,z,,
rotate,-8,i,i,i,i,i,i,i,y,x,z,z,z,i,,
rotate,-8,i,i,i,i,i,i,i,z,x,z,z,z,z,,
rotate,-8,i,i,i,i,i,i,i,y,x,z,z,z,i,,
rotate,8,i,i,i,i,i,i,i,x,x,z,z,z,z,,
rotate,-8,i,i,i,i,i,i,i,z,x,z,z,z,z,,
rotate,-8,i,i,i,i,i,i,i,y,x,z,z,z,i,,
rotate,8,i,i,i,i,i,i,i,x,x,z,z,z,z,,
rotate,-8,i,i,i,i,i,i,i,z,x,z,z,z,z,,
rotate,-8,i,i,i,i,i,i,i,y,x,z,z,z,i,,
rotate,8,i,i,i,i,i,i,i,x,x,z,z,z,z,,
rotate,-8,i,i,i,i,i,i,i,z,x,z,z,z,z,,
rotate,-8,i,i,i,i,i,i,i,y,x,z,z,z,i,,
rotate,-8,i,i,i,i,i,i,i,z,x,z,z,z,z,,
rotate,-8,i,i,i,i,i,i,i,x,x,z,z,z,z,,
rotate,-8,i,i,i,i,i,i,i,y,x,z,z,z,i,,
rotate,-8,i,i,i,i,i,i,i,z,x,z,z,z,z,,
rotate,-8,i,i,i,i,i,i,i,y,x,z,z,z,i,,
rotate,-8,i,i,i,i,i,i,i,z,x,z,z,z,z,,
rotate,-8,i,i,i,i,i,i,i,y,x,z,z,z,i,,
rotate,-8,i,i,i,i,i,i,i,z,x,z,z,z,z,,
rotate,-8,i,i,i,i,i,i,i,x,x,z,z,z,z,,
rotate,-8,i,i,i,i,i,i,i,z,x,z,z,z,z,,
rotate,-8,i,i,i,i,i,i,i,x,x,z,z,z,z,,
rotate,-8,i,i,i,i,i,i,i,y,x,z,z,z,i,,
rotate,-8,i,i,i,i,i,i,i,x,x,z,z,z,z,,
rotate,-8,i,i,i,i,i,i,i,y,x,z,z,z,i,,
rotate,-8,i,i,i,i,i,i,i,z,x,z,z,z,z,,
rotate,-8,i,i,i,i,i,i,i,x,x,z,z,z,z,,
rotate,-8,i,i,i,i,i,i,i,z,x,z,z,z,z,,
rotate,-8,i,i,i,i,i,i,i,x,x,z,z,z,z,,
rotate,8,i,i,i,i,i,i,i,x,x,z,z,z,z,,
rotate,8,i,i,i,i,i,i,i,y,x,z,z,z,i,,
rotate,-8,i,i,i,i,i,i,i,z,x,z,z,z,z,,
rotate,8,i,i,i,i,i,i,i,y,x,z,z,z,i,,
rotate,-8,i,i,i,i,i,i,i,x,x,z,z,z,z,,
rotate,-8,i,i,i,i,i,i,i,z,x,z,z,z,z,,
rotate,-8,i,i,i,i,i,i,i,x,x,z,z,z,z,,
rotate,-8,i,i,i,i,i,i,i,z,x,z,z,z,z,,
rotate,-8,i,i,i,i,i,i,i,x,x,z,z,z,z,,
rotate,-8,i,i,i,i,i,i,i,z,x,z,z,z,z,,
rotate,8,i,i,i,i,i,i,i,y,x,z,z,z,i,,
rotate,-8,i,i,i,i,i,i,i,x,x,z,z,z,z,,
rotate,8,i,i,i,i,i,i,i,y,x,z,z,z,i,,
rotate,-8,i,i,i,i,i,i,i,x,x,z,z,z,z,,
rotate,-8,i,i,i,i,i,i,i,z,x,z,z,z,z,,
rotate,-8,i,i,i,i,i,i,i,x,x,z,z,z,z,,
rotate,-8,i,i,i,i,i,i,i,z,x,z,z,z,z,,
rotate,-8,i,i,i,i,i,i,i,x,x,z,z,z,z,,
rotate,-8,i,i,i,i,i,i,i,z,x,z,z,z,z,,
rotate,-8,i,i,i,i,i,i,i,x,x,z,z,z,z,,
rotate,-8,i,i,i,i,i,i,i,z,x,z,z,z,z,,
rotate,-8,i,i,i,i,i,i,i,x,x,z,z,z,z,,
rotate,-8,i,i,i,i,i,i,i,y,x,z,z,z,i,,
rotate,-8,i,i,i,i,i,i,i,z,x,z,z,z,z,,
rotate,-8,i,i,i,i,i,i,i,x,x,z,z,z,z,,
rotate,-8,i,i,i,i,i,i,i,y,x,z,z,z,i,,
rotate,-8,i,i,i,i,i,i,i,z,x,z,z,z,z,,
rotate,-8,i,i,i,i,i,i,i,x,x,z,z,z,z,,
rotate,-8,i,i,i,i,i,i,i,y,x,z,z,z,i,,
rotate,-8,i,i,i,i,i,i,i,x,x,z,z,z,z,,
rotate,-8,i,i,i,i,i,i,i,y,x,z,z,z,i,,
rotate,-8,i,i,i,i,i,i,i,z,x,z,z,z,z,,
rotate,-8,i,i,i,i,i,i,i,y,x,z,z,z,i,,
rotate,-8,i,i,i,i,i,i,i,z,x,z,z,z,z,,
rotate,-8,i,i,i,i,i,i,i,x,x,z,z,z,z,,
rotate,-8,i,i,i,i,i,i,i,y,x,z,z,z,i,,
rotate,-8,i,i,i,i,i,i,i,x,x,z,z,z,z,,
rotate,-8,i,i,i,i,i,i,i,y,x,z,z,z,i,,
rotate,-8,i,i,i,i,i,i,i,x,x,z,z,z,z,,
rotate,8,i,i,i,i,i,i,i,z,x,z,z,z,z,,
rotate,-8,i,i,i,i,i,i,i,y,x,z,z,z,i,,
rotate,-8,i,i,i,i,i,i,i,x,x,z,z,z,z,,
rotate,8,i,i,i,i,i,i,i,z,x,z,z,z,z,,
rotate,-8,i,i,i,i,i,i,i,x,x,z,z,z,z,,
rotate,8,i,i,i,i,i,i,i,z,x,z,z,z,z,,
rotate,-8,i,i,i,i,i,i,i,y,x,z,z,z,i,,
rotate,8,i,i,i,i,i,i,i,z,x,z,z,z,z,,
rotate,-8,i,i,i,i,i,i,i,y,x,z,z,z,i,,
rotate,-8,i,i,i,i,i,i,i,x,x,z,z,z,z,,
rotate,8,i,i,i,i,i,i,i,z,x,z,z,z,z,,
rotate,-8,i,i,i,i,i,i,i,y,x,z,z,z,i,,
rotate,8,i,i,i,i,i,i,i,z,x,z,z,z,z,,
rotate,8,i,i,i,i,i,i,i,x,x,z,z,z,z,,
rotate,8,i,i,i,i,i,i,i,z,x,z,z,z,z,,
rotate,8,i,i,i,i,i,i,i,x,x,z,z,z,z,,
rotate,-8,i,i,i,i,i,i,i,y,x,z,z,z,i,,
rotate,8,i,i,i,i,i,i,i,x,x,z,z,z,z,,
rotate,-8,i,i,i,i,i,i,i,z,x,z,z,z,z,,
rotate,8,i,i,i,i,i,i,i,x,x,z,z,z,z,,
rotate,-8,i,i,i,i,i,i,i,z,x,z,z,z,z,,
rotate,8,i,i,i,i,i,i,i,z,x,z,z,z,z,,
rotate,-8,i,i,i,i,i,i,i,x,x,z,z,z,z,,
rotate,8,i,i,i,i,i,i,i,z,x,z,z,z,z,,
rotate,-8,i,i,i,i,i,i,i,x,x,z,z,z,z,,
rotate,8,i,i,i,i,i,i,i,z,x,z,z,z,z,,
rotate,-8,i,i,i,i,i,i,i,x,x,z,z,z,z,,
rotate,8,i,i,i,i,i,i,i,z,x,z,z,z,z,,
rotate,-8,i,i,i,i,i,i,i,y,x,z,z,z,i,,
rotate,8,i,i,i,i,i,i,i,z,x,z,z,z,z,,
rotate,-8,i,i,i,i,i,i,i,y,x,z,z,z,i,,
rotate,-8,i,i,i,i,i,i,i,x,x,z,z,z,z,,
rotate,-8,i,i,i,i,i,i,i,y,x,z,z,z,i,,
rotate,-8,i,i,i,i,i,i,i,x,x,z,z,z,z,,
rotate,8,i,i,i,i,i,i,i,z,x,z,z,z,z,,
rotate,-8,i,i,i,i,i,i,i,y,x,z,z,z,i,,
rotate,8,i,i,i,i,i,i,i,z,x,z,z,z,z,,
rotate,8,i,i,i,i,i,i,i,x,x,z,z,z,z,,
rotate,8,i,i,i,i,i,i,i,z,x,z,z,z,z,,
rotate,8,i,i,i,i,i,i,i,y,x,z,z,z,i,,
rotate,8,i,i,i,i,i,i,i,z,x,z,z,z,z,,
rotate,-8,i,i,i,i,i,i,i,x,x,z,z,z,z,,
rotate,8,i,i,i,i,i,i,i,y,x,z,z,z,i,,
rotate,8,i,i,i,i,i,i,i,z,x,z,z,z,z,,
rotate,-8,i,i,i,i,i,i,i,x,x,z,z,z,z,,
rotate,8,i,i,i,i,i,i,i,y,x,z,z,z,i,,
rotate,8,i,i,i,i,i,i,i,z,x,z,z,z,z,,
rotate,-8,i,i,i,i,i,i,i,x,x,z,z,z,z,,
rotate,8,i,i,i,i,i,i,i,y,x,z,z,z,i,,
rotate,8,i,i,i,i,i,i,i,z,x,z,z,z,z,,
rotate,8,i,i,i,i,i,i,i,y,x,z,z,z,i,,
rotate,8,i,i,i,i,i,i,i,x,x,z,z,z,z,,
rotate,8,i,i,i,i,i,i,i,y,x,z,z,z,i,,
rotate,-8,i,i,i,i,i,i,i,z,x,z,z,z,z,,
rotate,-8,i,i,i,i,i,i,i,x,x,z,z,z,z,,
rotate,-8,i,i,i,i,i,i,i,z,x,z,z,z,z,,
rotate,-8,i,i,i,i,i,i,i,x,x,z,z,z,z,,
rotate,-8,i,i,i,i,i,i,i,y,x,z,z,z,i,,
rotate,-8,i,i,i,i,i,i,i,z,x,z,z,z,z,,
rotate,-8,i,i,i,i,i,i,i,y,x,z,z,z,i,,
rotate,-8,i,i,i,i,i,i,i,z,x,z,z,z,z,,
rotate,-8,i,i,i,i,i,i,i,y,x,z,z,z,i,,
rotate,8,i,i,i,i,i,i,i,x,x,z,z,z,z,,
rotate,-8,i,i,i,i,i,i,i,z,x,z,z,z,z,,
rotate,-8,i,i,i,i,i,i,i,y,x,z,z,z,i,,
rotate,8,i,i,i,i,i,i,i,x,x,z,z,z,z,,
rotate,-8,i,i,i,i,i,i,i,y,x,z,z,z,i,,
rotate,8,i,i,i,i,i,i,i,x,x,z,z,z,z,,
rotate,-8,i,i,i,i,i,i,i,z,x,z,z,z,z,,
rotate,8,i,i,i,i,i,i,i,x,x,z,z,z,z,,
rotate,-8,i,i,i,i,i,i,i,z,x,z,z,z,z,,
rotate,-8,i,i,i,i,i,i,i,y,x,z,z,z,i,,
rotate,8,i,i,i,i,i,i,i,x,x,z,z,z,z,,
rotate,-8,i,i,i,i,i,i,i,z,x,z,z,z,z,,
rotate,8,i,i,i,i,i,i,i,x,x,z,z,z,z,,
rotate,8,i,i,i,i,i,i,i,y,x,z,z,z,i,,
rotate,8,i,i,i,i,i,i,i,x,x,z,z,z,z,,
rotate,8,i,i,i,i,i,i,i,y,x,z,z,z,i,,
rotate,-8,i,i,i,i,i,i,i,z,x,z,z,z,z,,
rotate,8,i,i,i,i,i,i,i,y,x,z,z,z,i,,
rotate,-8,i,i,i,i,i,i,i,x,x,z,z,z,z,,
rotate,8,i,i,i,i,i,i,i,y,x,z,z,z,i,,
rotate,-8,i,i,i,i,i,i,i,x,x,z,z,z,z,,
rotate,8,i,i,i,i,i,i,i,z,x,z,z,z,z,,
rotate,-8,i,i,i,i,i,i,i,y,x,z,z,z,i,,
rotate,8,i,i,i,i,i,i,i,z,x,z,z,z,z,,
rotate,-8,i,i,i,i,i,i,i,y,x,z,z,z,i,,
rotate,-8,i,i,i,i,i,i,i,x,x,z,z,z,z,,
rotate,8,i,i,i,i,i,i,i,z,x,z,z,z,z,,
rotate,-8,i,i,i,i,i,i,i,x,x,z,z,z,z,,
rotate,8,i,i,i,i,i,i,i,z,x,z,z,z,z,,
rotate,-8,i,i,i,i,i,i,i,x,x,z,z,z,z,,
rotate,8,i,i,i,i,i,i,i,y,x,z,z,z,i,,
rotate,8,i,i,i,i,i,i,i,z,x,z,z,z,z,,
rotate,-8,i,i,i,i,i,i,i,x,x,z,z,z,z,,
rotate,8,i,i,i,i,i,i,i,y,x,z,z,z,i,,
rotate,-8,i,i,i,i,i,i,i,x,x,z,z,z,z,,
rotate,8,i,i,i,i,i,i,i,y,x,z,z,z,i,,
rotate,8,i,i,i,i,i,i,i,z,x,z,z,z,z,,
rotate,8,i,i,i,i,i,i,i,y,x,z,z,z,i,,
rotate,8,i,i,i,i,i,i,i,z,x,z,z,z,z,,
rotate,-8,i,i,i,i,i,i,i,x,x,z,z,z,z,,
rotate,8,i,i,i,i,i,i,i,y,x,z,z,z,i,,
rotate,8,i,i,i,i,i,i,i,z,x,z,z,z,z,,
rotate,8,i,i,i,i,i,i,i,y,x,z,z,z,i,,
rotate,8,i,i,i,i,i,i,i,x,x,z,z,z,z,,
rotate,8,i,i,i,i,i,i,i,y,x,z,z,z,i,,
rotate,8,i,i,i,i,i,i,i,x,x,z,z,z,z,,
rotate,8,i,i,i,i,i,i,i,z,x,z,z,z,z,,
rotate,8,i,i,i,i,i,i,i,x,x,z,z,z,z,,
rotate,-8,i,i,i,i,i,i,i,y,x,z,z,z,i,,
rotate,8,i,i,i,i,i,i,i,x,x,z,z,z,z,,
rotate,-8,i,i,i,i,i,i,i,y,x,z,z,z,i,,
rotate,-8,i,i,i,i,i,i,i,y,x,z,z,z,i,,
rotate,-8,i,i,i,i,i,i,i,x,x,z,z,z,z,,
rotate,8,i,i,i,i,i,i,i,z,x,z,z,z,z,,
rotate,-8,i,i,i,i,i,i,i,y,x,z,z,z,i,,
rotate,8,i,i,i,i,i,i,i,z,x,z,z,z,z,,
rotate,8,i,i,i,i,i,i,i,x,x,z,z,z,z,,
rotate,-8,i,i,i,i,i,i,i,y,x,z,z,z,i,,
rotate,8,i,i,i,i,i,i,i,z,x,z,z,z,z,,
rotate,8,i,i,i,i,i,i,i,x,x,z,z,z,z,,
rotate,-8,i,i,i,i,i,i,i,y,x,z,z,z,i,,
rotate,8,i,i,i,i,i,i,i,z,x,z,z,z,z,,
rotate,8,i,i,i,i,i,i,i,x,x,z,z,z,z,,
rotate,-8,i,i,i,i,i,i,i,y,x,z,z,z,i,,
rotate,8,i,i,i,i,i,i,i,z,x,z,z,z,z,,
rotate,-8,i,i,i,i,i,i,i,y,x,z,z,z,i,,
rotate,-8,i,i,i,i,i,i,i,x,x,z,z,z,z,,
rotate,8,i,i,i,i,i,i,i,z,x,z,z,z,z,,
rotate,-8,i,i,i,i,i,i,i,y,x,z,z,z,i,,
rotate,8,i,i,i,i,i,i,i,z,x,z,z,z,z,,
rotate,-8,i,i,i,i,i,i,i,y,x,z,z,z,i,,
rotate,8,i,i,i,i,i,i,i,z,x,z,z,z,z,,
rotate,-8,i,i,i,i,i,i,i,y,x,z,z,z,i,,
rotate,-8,i,i,i,i,i,i,i,x,x,z,z,z,z,,
rotate,-8,i,i,i,i,i,i,i,y,x,z,z,z,i,,
rotate,-8,i,i,i,i,i,i,i,x,x,z,z,z,z,,
rotate,8,i,i,i,i,i,i,i,z,x,z,z,z,z,,
rotate,-8,i,i,i,i,i,i,i,x,x,z,z,z,z,,
rotate,8,i,i,i,i,i,i,i,z,x,z,z,z,z,,
rotate,-8,i,i,i,i,i,i,i,y,x,z,z,z,i,,
rotate,-8,i,i,i,i,i,i,i,x,x,z,z,z,z,,
rotate,-8,i,i,i,i,i,i,i,y,x,z,z,z,i,,
rotate,-8,i,i,i,i,i,i,i,x,x,z,z,z,z,,
rotate,8,i,i,i,i,i,i,i,x,x,z,z,z,z,,
rotate,-8,i,i,i,i,i,i,i,z,x,z,z,z,z,,
rotate,-8,i,i,i,i,i,i,i,y,x,z,z,z,i,,
rotate,-8,i,i,i,i,i,i,i,z,x,z,z,z,z,,
rotate,-8,i,i,i,i,i,i,i,x,x,z,z,z,z,,
rotate,-8,i,i,i,i,i,i,i,y,x,z,z,z,i,,
rotate,-8,i,i,i,i,i,i,i,x,x,z,z,z,z,,
