rotate,8,y,i,i,i,,
rotate,8,x,i,i,i,,
rotate,-8,z,i,i,i,,
rotate,8,y,i,i,i,,
rotate,8,x,i,i,i,,
rotate,-8,z,i,i,i,,
rotate,8,x,i,i,i,,
rotate,-8,y,i,i,i,,
rotate,-8,z,i,i,i,,
rotate,-8,y,i,i,i,,
rotate,-8,x,i,i,i,,
rotate,-8,z,i,i,i,,
rotate,-8,y,i,i,i,,
rotate,-8,x,i,i,i,,
rotate,-8,y,i,i,i,,
rotate,8,z,i,i,i,,
rotate,-8,y,i,i,i,,
rotate,8,z,i,i,i,,
rotate,-8,x,i,i,i,,
rotate,-8,y,i,i,i,,
rotate,8,z,i,i,i,,
rotate,-8,x,i,i,i,,
rotate,8,z,i,i,i,,
rotate,-8,x,i,i,i,,
rotate,-8,y,i,i,i,,
rotate,-8,x,i,i,i,,
rotate,-8,y,i,i,i,,
rotate,-8,x,i,i,i,,
rotate,8,i,y,i,i,,
rotate,8,i,z,i,i,,
rotate,8,i,x,i,i,,
rotate,8,i,z,i,i,,
rotate,-8,i,y,i,i,,
rotate,8,i,z,i,i,,
rotate,-8,i,y,i,i,,
rotate,8,i,x,i,i,,
rotate,-8,i,y,i,i,,
rotate,-8,i,z,i,i,,
rotate,-8,i,y,i,i,,
rotate,-8,i,z,i,i,,
rotate,-8,i,y,i,i,,
rotate,-8,i,x,i,i,,
rotate,-8,i,y,i,i,,
rotate,-8,i,x,i,i,,
rotate,-8,i,y,i,i,,
rotate,-8,i,x,i,i,,
rotate,-8,i,z,i,i,,
rotate,-8,i,x,i,i,,
rotate,8,i,y,i,i,,
rotate,-8,i,z,i,i,,
rotate,8,i,y,i,i,,
rotate,8,i,x,i,i,,
rotate,-8,i,z,i,i,,
rotate,8,i,x,i,i,,
rotate,-8,i,z,i,i,,
rotate,8,i,y,i,i,,
rotate,8,i,i,y,i,,
rotate,8,i,i,x,i,,
rotate,-8,i,i,z,i,,
rotate,8,i,i,y,i,,
rotate,8,i,i,x,i,,
rotate,-8,i,i,z,i,,
rotate,8,i,i,x,i,,
rotate,-8,i,i,y,i,,
rotate,-8,i,i,z,i,,
rotate,-8,i,i,y,i,,
rotate,-8,i,i,x,i,,
rotate,-8,i,i,z,i,,
rotate,-8,i,i,y,i,,
rotate,-8,i,i,x,i,,
rotate,-8,i,i,y,i,,
rotate,8,i,i,z,i,,
rotate,-8,i,i,y,i,,
rotate,8,i,i,z,i,,
rotate,-8,i,i,x,i,,
rotate,-8,i,i,y,i,,
rotate,8,i,i,z,i,,
rotate,-8,i,i,x,i,,
rotate,8,i,i,z,i,,
rotate,-8,i,i,x,i,,
rotate,-8,i,i,y,i,,
rotate,-8,i,i,x,i,,
rotate,-8,i,i,y,i,,
rotate,-8,i,i,x,i,,
rotate,8,i,i,i,y,,
rotate,8,i,i,i,z,,
rotate,8,i,i,i,x,,
rotate,8,i,i,i,z,,
rotate,-8,i,i,i,y,,
rotate,8,i,i,i,z,,
rotate,-8,i,i,i,y,,
rotate,8,i,i,i,x,,
rotate,-8,i,i,i,y,,
rotate,-8,i,i,i,z,,
rotate,-8,i,i,i,y,,
rotate,-8,i,i,i,z,,
rotate,-8,i,i,i,y,,
rotate,-8,i,i,i,x,,
rotate,-8,i,i,i,y,,
rotate,-8,i,i,i,x,,
rotate,-8,i,i,i,y,,
rotate,-8,i,i,i,x,,
rotate,-8,i,i,i,z,,
rotate,-8,i,i,i,x,,
rotate,8,i,i,i,y,,
rotate,-8,i,i,i,z,,
rotate,8,i,i,i,y,,
rotate,8,i,i,i,x,,
rotate,-8,i,i,i,z,,
rotate,8,i,i,i,x,,
rotate,-8,i,i,i,z,,
rotate,8,i,i,i,y,,
rotate,8,i,i,x,i,,
rotate,-8,z,i,z,i,,
rotate,8,z,i,y,i,,
rotate,-8,z,i,z,i,,
rotate,-8,i,i,x,i,,
rotate,8,z,i,y,i,,
rotate,-8,i,i,x,i,,
rotate,8,z,i,z,i,,
rotate,8,z,i,y,i,,
rotate,8,z,i,z,i,,
rotate,8,z,i,y,i,,
rotate,8,z,i,z,i,,
rotate,8,i,i,x,i,,
rotate,8,z,i,y,i,,
rotate,8,i,i,x,i,,
rotate,-8,z,i,z,i,,
rotate,8,z,i,y,i,,
rotate,-8,z,i,z,i,,
rotate,-8,i,i,x,i,,
rotate,-8,z,i,z,i,,
rotate,-8,z,i,y,i,,
rotate,-8,z,i,z,i,,
rotate,8,i,i,x,i,,
rotate,-8,z,i,y,i,,
rotate,8,i,i,x,i,,
rotate,8,z,i,z,i,,
rotate,-8,z,i,y,i,,
rotate,8,z,i,z,i,,
rotate,-8,i,i,i,y,,
rotate,-8,i,z,i,z,,
rotate,8,i,z,i,x,,
rotate,-8,i,z,i,z,,
rotate,8,i,i,i,y,,
rotate,8,i,z,i,x,,
rotate,8,i,i,i,y,,
rotate,8,i,z,i,z,,
rotate,8,i,z,i,x,,
rotate,8,i,z,i,z,,
rotate,8,i,z,i,x,,
rotate,8,i,z,i,z,,
rotate,-8,i,i,i,y,,
rotate,8,i,z,i,x,,
rotate,-8,i,i,i,y,,
rotate,-8,i,z,i,z,,
rotate,8,i,z,i,x,,
rotate,-8,i,z,i,z,,
rotate,8,i,i,i,y,,
rotate,-8,i,z,i,z,,
rotate,-8,i,z,i,x,,
rotate,-8,i,z,i,z,,
rotate,-8,i,i,i,y,,
rotate,-8,i,z,i,x,,
rotate,-8,i,i,i,y,,
rotate,8,i,z,i,z,,
rotate,-8,i,z,i,x,,
rotate,8,i,z,i,z,,
rotate,8,i,x,i,x,,
rotate,-8,z,z,i,i,,
rotate,8,z,y,i,x,,
rotate,-8,z,z,i,i,,
rotate,8,z,y,i,x,,
rotate,-8,z,z,i,i,,
rotate,-8,i,x,i,x,,
rotate,8,z,y,i,x,,
rotate,-8,z,z,i,i,,
rotate,8,z,y,i,x,,
rotate,-8,z,z,i,i,,
rotate,8,z,y,i,x,,
rotate,8,i,x,i,x,,
rotate,8,z,y,i,x,,
rotate,8,i,x,i,x,,
rotate,8,z,y,i,x,,
rotate,8,z,z,i,i,,
rotate,8,i,x,i,x,,
rotate,8,z,y,i,x,,
rotate,8,z,z,i,i,,
rotate,8,i,x,i,x,,
rotate,8,z,z,i,i,,
rotate,8,i,x,i,x,,
rotate,8,z,z,i,i,,
rotate,8,i,x,i,x,,
rotate,8,z,y,i,x,,
rotate,8,z,z,i,i,,
rotate,8,z,y,i,x,,
rotate,-8,z,i,z,i,,
rotate,-8,z,x,y,x,,
rotate,8,z,x,x,x,,
rotate,-8,z,x,y,x,,
rotate,8,z,x,x,x,,
rotate,-8,z,x,y,x,,
rotate,8,z,i,z,i,,
rotate,8,z,x,x,x,,
rotate,-8,z,x,y,x,,
rotate,8,z,x,x,x,,
rotate,-8,z,x,y,x,,
rotate,8,z,x,x,x,,
rotate,-8,z,i,z,i,,
rotate,8,z,x,x,x,,
rotate,-8,z,i,z,i,,
rotate,8,z,x,x,x,,
rotate,8,z,x,y,x,,
rotate,-8,z,i,z,i,,
rotate,8,z,x,x,x,,
rotate,8,z,x,y,x,,
rotate,-8,z,i,z,i,,
rotate,8,z,x,y,x,,
rotate,-8,z,i,z,i,,
rotate,8,z,x,y,x,,
rotate,-8,z,i,z,i,,
rotate,8,z,x,x,x,,
rotate,8,z,x,y,x,,
rotate,8,z,x,x,x,,
rotate,-8,i,z,i,z,,
rotate,8,z,z,i,y,,
rotate,-8,z,z,i,x,,
rotate,8,z,z,i,y,,
rotate,8,i,z,i,z,,
rotate,-8,z,z,i,x,,
rotate,8,z,z,i,y,,
rotate,-8,z,z,i,x,,
rotate,-8,i,z,i,z,,
rotate,-8,z,z,i,x,,
rotate,-8,z,z,i,y,,
rotate,-8,z,z,i,x,,
rotate,-8,z,z,i,y,,
rotate,-8,i,z,i,z,,
rotate,-8,z,z,i,x,,
rotate,-8,z,z,i,y,,
rotate,-8,z,z,i,x,,
rotate,-8,z,z,i,y,,
rotate,-8,i,z,i,z,,
rotate,-8,z,z,i,y,,
rotate,8,z,z,i,x,,
rotate,-8,z,z,i,y,,
rotate,8,i,z,i,z,,
rotate,-8,z,z,i,y,,
rotate,-8,z,z,i,x,,
rotate,-8,z,z,i,y,,
rotate,-8,i,z,i,z,,
rotate,-8,z,z,i,y,,
rotate,8,z,z,i,y,,
rotate,-8,z,x,z,x,,
rotate,8,z,x,z,y,,
rotate,-8,z,x,z,x,,
rotate,8,z,x,z,y,,
rotate,-8,z,x,z,x,,
rotate,-8,z,z,i,y,,
rotate,8,z,x,z,y,,
rotate,-8,z,x,z,x,,
rotate,8,z,x,z,y,,
rotate,-8,z,x,z,x,,
rotate,8,z,x,z,y,,
rotate,8,z,z,i,y,,
rotate,8,z,x,z,y,,
rotate,8,z,z,i,y,,
rotate,8,z,x,z,y,,
rotate,8,z,x,z,x,,
rotate,8,z,z,i,y,,
rotate,8,z,x,z,y,,
rotate,8,z,x,z,x,,
rotate,8,z,z,i,y,,
rotate,8,z,x,z,x,,
rotate,8,z,z,i,y,,
rotate,8,z,x,z,x,,
rotate,8,z,z,i,y,,
rotate,8,z,x,z,y,,
rotate,8,z,x,z,x,,
rotate,8,z,x,z,y,,
rotate,8,y,z,x,x,,
rotate,-8,z,x,i,x,,
rotate,8,y,z,x,x,,
rotate,8,y,x,x,y,,
rotate,8,y,z,x,x,,
rotate,8,z,x,i,x,,
rotate,8,y,z,x,x,,
rotate,-8,y,x,x,y,,
rotate,8,z,x,i,x,,
rotate,8,y,z,x,x,,
rotate,8,z,x,i,x,,
rotate,8,y,z,x,x,,
rotate,8,z,x,i,x,,
rotate,8,y,x,x,y,,
rotate,8,y,z,x,x,,
rotate,8,y,x,x,y,,
rotate,-8,z,x,i,x,,
rotate,8,y,x,x,y,,
rotate,-8,z,x,i,x,,
rotate,8,y,x,x,y,,
rotate,-8,y,z,x,x,,
rotate,-8,z,x,i,x,,
rotate,8,y,x,x,y,,
rotate,-8,z,x,i,x,,
rotate,8,y,x,x,y,,
rotate,-8,y,z,x,x,,
rotate,8,y,x,x,y,,
rotate,-8,y,z,x,x,,
rotate,-8,z,x,i,x,,
rotate,-8,y,z,x,x,,
rotate,-8,z,x,i,x,,
rotate,8,y,x,x,y,,
rotate,8,y,y,y,y,,
rotate,8,y,z,x,x,,
rotate,8,y,y,y,y,,
rotate,8,x,x,x,y,,
rotate,8,y,y,y,y,,
rotate,-8,y,z,x,x,,
rotate,8,y,y,y,y,,
rotate,-8,x,x,x,y,,
rotate,-8,y,z,x,x,,
rotate,8,y,y,y,y,,
rotate,-8,y,z,x,x,,
rotate,8,y,y,y,y,,
rotate,-8,y,z,x,x,,
rotate,8,x,x,x,y,,
rotate,8,y,y,y,y,,
rotate,8,x,x,x,y,,
rotate,8,y,z,x,x,,
rotate,8,x,x,x,y,,
rotate,8,y,z,x,x,,
rotate,8,x,x,x,y,,
rotate,-8,y,y,y,y,,
rotate,8,y,z,x,x,,
rotate,8,x,x,x,y,,
rotate,8,y,z,x,x,,
rotate,8,x,x,x,y,,
rotate,-8,y,y,y,y,,
rotate,8,x,x,x,y,,
rotate,-8,y,y,y,y,,
rotate,8,y,z,x,x,,
rotate,-8,y,y,y,y,,
rotate,8,y,z,x,x,,
rotate,8,x,x,x,y,,
rotate,-8,z,y,y,z,,
rotate,8,z,y,z,z,,
rotate,-8,z,y,y,z,,
rotate,-8,z,x,y,x,,
rotate,-8,z,y,y,z,,
rotate,-8,z,y,z,z,,
rotate,-8,z,y,y,z,,
rotate,8,z,x,y,x,,
rotate,-8,z,y,z,z,,
rotate,-8,z,y,y,z,,
rotate,-8,z,y,z,z,,
rotate,-8,z,y,y,z,,
rotate,-8,z,y,z,z,,
rotate,-8,z,x,y,x,,
rotate,-8,z,y,y,z,,
rotate,-8,z,x,y,x,,
rotate,8,z,y,z,z,,
rotate,-8,z,x,y,x,,
rotate,8,z,y,z,z,,
rotate,-8,z,x,y,x,,
rotate,8,z,y,y,z,,
rotate,8,z,y,z,z,,
rotate,-8,z,x,y,x,,
rotate,8,z,y,z,z,,
rotate,-8,z,x,y,x,,
rotate,8,z,y,y,z,,
rotate,-8,z,x,y,x,,
rotate,8,z,y,y,z,,
rotate,8,z,y,z,z,,
rotate,8,z,y,y,z,,
rotate,8,z,y,z,z,,
rotate,-8,z,x,y,x,,
rotate,8,z,y,y,z,,
rotate,8,z,x,x,x,,
rotate,8,z,y,y,z,,
rotate,8,z,x,x,x,,
rotate,-8,z,x,y,y,,
rotate,8,z,y,y,z,,
rotate,8,z,x,x,x,,
rotate,-8,z,x,y,y,,
rotate,8,z,x,x,x,,
rotate,-8,z,x,y,y,,
rotate,8,z,y,y,z,,
rotate,-8,z,x,y,y,,
rotate,-8,z,x,x,x,,
rotate,-8,z,x,y,y,,
rotate,-8,z,y,y,z,,
rotate,-8,z,x,y,y,,
rotate,-8,z,y,y,z,,
rotate,-8,z,x,y,y,,
rotate,8,z,x,x,x,,
rotate,-8,z,y,y,z,,
rotate,8,z,x,x,x,,
rotate,8,z,x,y,y,,
rotate,8,z,x,x,x,,
rotate,8,z,x,y,y,,
rotate,8,z,x,x,x,,
rotate,8,z,y,y,z,,
rotate,8,z,x,y,y,,
rotate,8,z,x,x,x,,
rotate,-8,z,x,y,x,,
rotate,-8,z,x,y,y,,
rotate,-8,z,x,y,x,,
rotate,8,z,y,z,z,,
rotate,-8,z,x,y,x,,
rotate,8,z,x,y,y,,
rotate,-8,z,x,y,x,,
rotate,-8,z,y,z,z,,
rotate,8,z,x,y,y,,
rotate,-8,z,x,y,x,,
rotate,8,z,x,y,y,,
rotate,-8,z,x,y,x,,
rotate,8,z,x,y,y,,
rotate,8,z,y,z,z,,
rotate,-8,z,x,y,x,,
rotate,8,z,y,z,z,,
rotate,-8,z,x,y,y,,
rotate,8,z,y,z,z,,
rotate,-8,z,x,y,y,,
rotate,8,z,y,z,z,,
rotate,8,z,x,y,x,,
rotate,-8,z,x,y,y,,
rotate,8,z,y,z,z,,
rotate,-8,z,x,y,y,,
rotate,8,z,y,z,z,,
rotate,8,z,x,y,x,,
rotate,8,z,y,z,z,,
rotate,8,z,x,y,x,,
rotate,-8,z,x,y,y,,
rotate,8,z,x,y,x,,
rotate,-8,z,x,y,y,,
rotate,8,z,y,z,z,,
rotate,-8,x,x,x,y,,
rotate,-8,y,z,x,x,,
rotate,-8,x,x,x,y,,
rotate,-8,y,y,y,y,,
rotate,-8,x,x,x,y,,
rotate,8,y,z,x,x,,
rotate,-8,x,x,x,y,,
rotate,8,y,y,y,y,,
rotate,8,y,z,x,x,,
rotate,-8,x,x,x,y,,
rotate,8,y,z,x,x,,
rotate,-8,x,x,x,y,,
rotate,8,y,z,x,x,,
rotate,-8,y,y,y,y,,
rotate,-8,x,x,x,y,,
rotate,-8,y,y,y,y,,
rotate,-8,y,z,x,x,,
rotate,-8,y,y,y,y,,
rotate,-8,y,z,x,x,,
rotate,-8,y,y,y,y,,
rotate,8,x,x,x,y,,
rotate,-8,y,z,x,x,,
rotate,-8,y,y,y,y,,
rotate,-8,y,z,x,x,,
rotate,-8,y,y,y,y,,
rotate,8,x,x,x,y,,
rotate,-8,y,y,y,y,,
rotate,8,x,x,x,y,,
rotate,-8,y,z,x,x,,
rotate,8,x,x,x,y,,
rotate,-8,y,z,x,x,,
rotate,-8,y,y,y,y,,
rotate,-8,y,x,x,y,,
rotate,-8,y,y,y,y,,
rotate,-8,y,x,x,y,,
rotate,-8,y,z,x,x,,
rotate,-8,y,x,x,y,,
rotate,8,y,y,y,y,,
rotate,-8,y,x,x,y,,
rotate,8,y,z,x,x,,
rotate,8,y,y,y,y,,
rotate,-8,y,x,x,y,,
rotate,8,y,y,y,y,,
rotate,-8,y,x,x,y,,
rotate,8,y,y,y,y,,
rotate,-8,y,z,x,x,,
rotate,-8,y,x,x,y,,
rotate,-8,y,z,x,x,,
rotate,-8,y,y,y,y,,
rotate,-8,y,z,x,x,,
rotate,-8,y,y,y,y,,
rotate,-8,y,z,x,x,,
rotate,8,y,x,x,y,,
rotate,-8,y,y,y,y,,
rotate,-8,y,z,x,x,,
rotate,-8,y,y,y,y,,
rotate,-8,y,z,x,x,,
rotate,8,y,x,x,y,,
rotate,-8,y,z,x,x,,
rotate,8,y,x,x,y,,
rotate,-8,y,y,y,y,,
rotate,8,y,x,x,y,,
rotate,-8,y,y,y,y,,
rotate,-8,y,z,x,x,,
rotate,-8,z,x,y,x,,
rotate,-8,z,x,x,y,,
rotate,-8,z,y,y,z,,
rotate,-8,z,x,x,y,,
rotate,8,z,x,y,x,,
rotate,-8,z,y,y,z,,
rotate,-8,z,x,x,y,,
rotate,-8,z,y,y,z,,
rotate,-8,z,x,y,x,,
rotate,-8,z,y,y,z,,
rotate,8,z,x,x,y,,
rotate,-8,z,y,y,z,,
rotate,8,z,x,x,y,,
rotate,-8,z,x,y,x,,
rotate,-8,z,y,y,z,,
rotate,8,z,x,x,y,,
rotate,-8,z,y,y,z,,
rotate,8,z,x,x,y,,
rotate,-8,z,x,y,x,,
rotate,8,z,x,x,y,,
rotate,8,z,y,y,z,,
rotate,8,z,x,x,y,,
rotate,8,z,x,y,x,,
rotate,8,z,x,x,y,,
rotate,-8,z,y,y,z,,
rotate,8,z,x,x,y,,
rotate,-8,z,x,y,x,,
rotate,8,z,x,x,y,,
rotate,-8,z,x,x,y,,
rotate,8,z,x,z,y,,
rotate,-8,z,y,y,z,,
rotate,8,z,x,z,y,,
rotate,-8,z,y,y,z,,
rotate,8,z,x,z,y,,
rotate,8,z,x,x,y,,
rotate,-8,z,y,y,z,,
rotate,8,z,x,z,y,,
rotate,-8,z,y,y,z,,
rotate,8,z,x,z,y,,
rotate,-8,z,y,y,z,,
rotate,-8,z,x,x,y,,
rotate,-8,z,y,y,z,,
rotate,-8,z,x,x,y,,
rotate,-8,z,y,y,z,,
rotate,-8,z,x,z,y,,
rotate,-8,z,x,x,y,,
rotate,-8,z,y,y,z,,
rotate,-8,z,x,z,y,,
rotate,-8,z,x,x,y,,
rotate,-8,z,x,z,y,,
rotate,-8,z,x,x,y,,
rotate,-8,z,x,z,y,,
rotate,-8,z,x,x,y,,
rotate,-8,z,y,y,z,,
rotate,-8,z,x,z,y,,
rotate,-8,z,y,y,z,,
rotate,-8,z,x,y,y,,
rotate,-8,x,x,y,z,,
rotate,-8,y,y,x,y,,
rotate,-8,x,x,y,z,,
rotate,8,z,x,y,y,,
rotate,-8,y,y,x,y,,
rotate,-8,x,x,y,z,,
rotate,-8,y,y,x,y,,
rotate,-8,z,x,y,y,,
rotate,-8,y,y,x,y,,
rotate,8,x,x,y,z,,
rotate,-8,y,y,x,y,,
rotate,8,x,x,y,z,,
rotate,-8,z,x,y,y,,
rotate,-8,y,y,x,y,,
rotate,8,x,x,y,z,,
rotate,-8,y,y,x,y,,
rotate,8,x,x,y,z,,
rotate,-8,z,x,y,y,,
rotate,8,x,x,y,z,,
rotate,8,y,y,x,y,,
rotate,8,x,x,y,z,,
rotate,8,z,x,y,y,,
rotate,8,x,x,y,z,,
rotate,-8,y,y,x,y,,
rotate,8,x,x,y,z,,
rotate,-8,z,x,y,y,,
rotate,8,x,x,y,z,,
rotate,-8,y,z,y,x,,
rotate,-8,z,x,i,x,,
rotate,-8,z,z,z,y,,
rotate,-8,z,x,i,x,,
rotate,-8,z,z,z,y,,
rotate,-8,z,x,i,x,,
rotate,8,y,z,y,x,,
rotate,-8,z,z,z,y,,
rotate,-8,z,x,i,x,,
rotate,-8,z,z,z,y,,
rotate,-8,z,x,i,x,,
rotate,-8,z,z,z,y,,
rotate,-8,y,z,y,x,,
rotate,-8,z,z,z,y,,
rotate,-8,y,z,y,x,,
rotate,-8,z,z,z,y,,
rotate,8,z,x,i,x,,
rotate,-8,y,z,y,x,,
rotate,-8,z,z,z,y,,
rotate,8,z,x,i,x,,
rotate,-8,y,z,y,x,,
rotate,8,z,x,i,x,,
rotate,-8,y,z,y,x,,
rotate,8,z,x,i,x,,
rotate,-8,y,z,y,x,,
rotate,-8,z,z,z,y,,
rotate,8,z,x,i,x,,
rotate,-8,z,z,z,y,,
rotate,8,z,y,y,z,,
rotate,8,z,y,y,y,,
rotate,-8,z,z,x,x,,
rotate,8,z,y,y,y,,
rotate,-8,z,y,y,z,,
rotate,-8,z,z,x,x,,
rotate,-8,z,y,y,z,,
rotate,-8,z,y,y,y,,
rotate,-8,z,z,x,x,,
rotate,-8,z,y,y,y,,
rotate,-8,z,z,x,x,,
rotate,-8,z,y,y,y,,
rotate,8,z,y,y,z,,
rotate,-8,z,z,x,x,,
rotate,8,z,y,y,z,,
rotate,8,z,y,y,y,,
rotate,-8,z,z,x,x,,
rotate,8,z,y,y,y,,
rotate,-8,z,y,y,z,,
rotate,8,z,y,y,y,,
rotate,8,z,z,x,x,,
rotate,8,z,y,y,y,,
rotate,8,z,y,y,z,,
rotate,8,z,z,x,x,,
rotate,8,z,y,y,z,,
rotate,-8,z,y,y,y,,
rotate,8,z,z,x,x,,
rotate,-8,z,y,y,y,,
rotate,-8,x,x,y,z,,
rotate,8,z,x,y,y,,
rotate,-8,z,y,y,z,,
rotate,8,z,x,y,y,,
rotate,8,x,x,y,z,,
rotate,-8,z,y,y,z,,
rotate,8,x,x,y,z,,
rotate,-8,z,x,y,y,,
rotate,-8,z,y,y,z,,
rotate,-8,z,x,y,y,,
rotate,-8,z,y,y,z,,
rotate,-8,z,x,y,y,,
rotate,-8,x,x,y,z,,
rotate,-8,z,y,y,z,,
rotate,-8,x,x,y,z,,
rotate,8,z,x,y,y,,
rotate,-8,z,y,y,z,,
rotate,8,z,x,y,y,,
rotate,8,x,x,y,z,,
rotate,8,z,x,y,y,,
rotate,8,z,y,y,z,,
rotate,8,z,x,y,y,,
rotate,-8,x,x,y,z,,
rotate,8,z,y,y,z,,
rotate,-8,x,x,y,z,,
rotate,-8,z,x,y,y,,
rotate,8,z,y,y,z,,
rotate,-8,z,x,y,y,,
rotate,8,z,x,z,z,,
rotate,-8,z,y,y,y,,
rotate,-8,z,z,x,x,,
rotate,8,z,x,z,z,,
rotate,-8,z,y,y,y,,
rotate,-8,z,z,x,x,,
rotate,-8,z,y,y,y,,
rotate,-8,z,x,z,z,,
rotate,-8,z,z,x,x,,
rotate,-8,z,x,z,z,,
rotate,8,z,y,y,y,,
rotate,-8,z,z,x,x,,
rotate,-8,z,x,z,z,,
rotate,8,z,y,y,y,,
rotate,-8,z,x,z,z,,
rotate,8,z,z,x,x,,
rotate,-8,z,x,z,z,,
rotate,8,z,z,x,x,,
rotate,8,z,y,y,y,,
rotate,-8,z,x,z,z,,
rotate,8,z,z,x,x,,
rotate,8,z,y,y,y,,
rotate,8,z,z,x,x,,
rotate,8,z,y,y,y,,
rotate,-8,z,x,z,z,,
rotate,8,z,y,y,y,,
rotate,-8,z,x,z,z,,
rotate,8,z,y,y,y,,
rotate,8,z,x,z,x,,
rotate,-8,z,x,y,y,,
rotate,-8,z,y,y,z,,
rotate,8,z,x,z,x,,
rotate,-8,z,x,y,y,,
rotate,-8,z,y,y,z,,
rotate,-8,z,x,y,y,,
rotate,-8,z,x,z,x,,
rotate,-8,z,y,y,z,,
rotate,-8,z,x,z,x,,
rotate,8,z,x,y,y,,
rotate,-8,z,y,y,z,,
rotate,-8,z,x,z,x,,
rotate,8,z,x,y,y,,
rotate,-8,z,x,z,x,,
rotate,8,z,y,y,z,,
rotate,-8,z,x,z,x,,
rotate,8,z,y,y,z,,
rotate,8,z,x,y,y,,
rotate,-8,z,x,z,x,,
rotate,8,z,y,y,z,,
rotate,8,z,x,y,y,,
rotate,8,z,y,y,z,,
rotate,8,z,x,y,y,,
rotate,-8,z,x,z,x,,
rotate,8,z,x,y,y,,
rotate,-8,z,x,z,x,,
rotate,8,z,x,y,y,,
rotate,-8,z,y,x,y,,
rotate,8,z,x,z,y,,
rotate,8,z,x,z,z,,
rotate,-8,z,y,x,y,,
rotate,8,z,x,z,y,,
rotate,8,z,x,z,z,,
rotate,8,z,x,z,y,,
rotate,8,z,y,x,y,,
rotate,8,z,x,z,z,,
rotate,8,z,y,x,y,,
rotate,-8,z,x,z,y,,
rotate,8,z,x,z,z,,
rotate,8,z,y,x,y,,
rotate,-8,z,x,z,y,,
rotate,8,z,y,x,y,,
rotate,-8,z,x,z,z,,
rotate,8,z,y,x,y,,
rotate,-8,z,x,z,z,,
rotate,-8,z,x,z,y,,
rotate,8,z,y,x,y,,
rotate,-8,z,x,z,z,,
rotate,-8,z,x,z,y,,
rotate,-8,z,x,z,z,,
rotate,-8,z,x,z,y,,
rotate,8,z,y,x,y,,
rotate,-8,z,x,z,y,,
rotate,8,z,y,x,y,,
rotate,-8,z,x,z,y,,
rotate,-8,x,y,y,x,,
rotate,8,z,x,i,x,,
rotate,-8,y,y,y,x,,
rotate,8,z,x,i,x,,
rotate,8,x,y,y,x,,
rotate,8,z,x,i,x,,
rotate,8,x,y,y,x,,
rotate,-8,y,y,y,x,,
rotate,8,x,y,y,x,,
rotate,-8,z,x,i,x,,
rotate,8,x,y,y,x,,
rotate,-8,z,x,i,x,,
rotate,8,x,y,y,x,,
rotate,8,y,y,y,x,,
rotate,8,x,y,y,x,,
rotate,8,y,y,y,x,,
rotate,8,x,y,y,x,,
rotate,8,y,y,y,x,,
rotate,-8,z,x,i,x,,
rotate,8,y,y,y,x,,
rotate,-8,x,y,y,x,,
rotate,-8,z,x,i,x,,
rotate,-8,x,y,y,x,,
rotate,-8,y,y,y,x,,
rotate,-8,z,x,i,x,,
rotate,-8,y,y,y,x,,
rotate,-8,z,x,i,x,,
rotate,-8,x,y,y,x,,

8 qubits
Processed 2798 rotation sequences total.
circuit volume baseline:  428094 circuit volume compact:  800228.0 circuit volume av:  117840.0
total_tiles: 153

6 qubits
Processed 780 rotation sequences total.
circuit volume baseline:  106860 circuit volume compact:  171600.0 circuit volume av:  26911.0
total_tiles: 137

we do detect the errors and no corrrection, this can help us get away with higher error rates.
surface code patch is smaller for the same number of qubits. 
we turn error correction to error detection. 

syndeoms, error
high weight throw out 
low weight keep
